{
  "type": "FeatureCollection",
  "name": "CD_substation",
  "crs": {
    "type": "name",
    "properties": {
      "name": "urn:ogc:def:crs:OGC:1.3:CRS84"
    }
  },
  "features": [
    {
      "type": "Feature",
      "properties": {
        "id": 1763493892,
        "Type": "node",
        "Region": "CD",
        "refs": null,
        "tags.barrier": null,
        "tags.frequency": null,
        "tags.location": null,
        "tags.name": null,
        "tags.operator": null,
        "tags.power": "substation",
        "tags.substation": "transmission",
        "tags.voltage": "132000",
        "other_tags": null
      },
      "geometry": {
        "type": "Point",
        "coordinates": [
          15.276719399999953,
          -4.444953900000047
        ]
      }
    },
    {
      "type": "Feature",
      "properties": {
        "id": 3740388710,
        "Type": "node",
        "Region": "CD",
        "refs": null,
        "tags.barrier": null,
        "tags.frequency": null,
        "tags.location": null,
        "tags.name": null,
        "tags.operator": null,
        "tags.power": "substation",
        "tags.substation": "transmission",
        "tags.voltage": "132000",
        "other_tags": null
      },
      "geometry": {
        "type": "Point",
        "coordinates": [
          27.544007800000042,
          -11.634315099999979
        ]
      }
    },
    {
      "type": "Feature",
      "properties": {
        "id": 4549119179,
        "Type": "node",
        "Region": "CD",
        "refs": null,
        "tags.barrier": null,
        "tags.frequency": null,
        "tags.location": null,
        "tags.name": null,
        "tags.operator": null,
        "tags.power": "substation",
        "tags.substation": "transmission",
        "tags.voltage": "132000",
        "other_tags": {
          "tags.source": "survey"
        }
      },
      "geometry": {
        "type": "Point",
        "coordinates": [
          27.478894100000154,
          -11.629068200000015
        ]
      }
    },
    {
      "type": "Feature",
      "properties": {
        "id": 5268176446,
        "Type": "node",
        "Region": "CD",
        "refs": null,
        "tags.barrier": null,
        "tags.frequency": null,
        "tags.location": null,
        "tags.name": "Station SNEL Ngaliema",
        "tags.operator": null,
        "tags.power": "substation",
        "tags.substation": "distribution",
        "tags.voltage": "33000",
        "other_tags": null
      },
      "geometry": {
        "type": "Point",
        "coordinates": [
          15.253036,
          -4.3597997
        ]
      }
    },
    {
      "type": "Feature",
      "properties": {
        "id": 5329686123,
        "Type": "node",
        "Region": "CD",
        "refs": null,
        "tags.barrier": null,
        "tags.frequency": null,
        "tags.location": "outdoor",
        "tags.name": "Cabine SNEL",
        "tags.operator": "SNEL",
        "tags.power": "substation",
        "tags.substation": "distribution",
        "tags.voltage": "33000",
        "other_tags": {
          "tags.branch": "SNEL"
        }
      },
      "geometry": {
        "type": "Point",
        "coordinates": [
          15.264073299999954,
          -4.351998300000015
        ]
      }
    },
    {
      "type": "Feature",
      "properties": {
        "id": 5329686128,
        "Type": "node",
        "Region": "CD",
        "refs": null,
        "tags.barrier": null,
        "tags.frequency": null,
        "tags.location": "outdoor",
        "tags.name": "Cabine SNEL",
        "tags.operator": "SNEL",
        "tags.power": "substation",
        "tags.substation": "transmission",
        "tags.voltage": "132000",
        "other_tags": {
          "tags.branch": "SNEL"
        }
      },
      "geometry": {
        "type": "Point",
        "coordinates": [
          15.264757299999955,
          -4.349310400000014
        ]
      }
    },
    {
      "type": "Feature",
      "properties": {
        "id": 6041495823,
        "Type": "node",
        "Region": "CD",
        "refs": null,
        "tags.barrier": null,
        "tags.frequency": null,
        "tags.location": null,
        "tags.name": "SNEL",
        "tags.operator": null,
        "tags.power": "substation",
        "tags.substation": "transmission",
        "tags.voltage": "132000",
        "other_tags": null
      },
      "geometry": {
        "type": "Point",
        "coordinates": [
          15.344378599999986,
          -4.3375587
        ]
      }
    },
    {
      "type": "Feature",
      "properties": {
        "id": 6115556936,
        "Type": "node",
        "Region": "CD",
        "refs": null,
        "tags.barrier": null,
        "tags.frequency": null,
        "tags.location": "outdoor",
        "tags.name": null,
        "tags.operator": "SNEL",
        "tags.power": "substation",
        "tags.substation": "distribution",
        "tags.voltage": "33000",
        "other_tags": null
      },
      "geometry": {
        "type": "Point",
        "coordinates": [
          15.3548513,
          -4.3476094
        ]
      }
    },
    {
      "type": "Feature",
      "properties": {
        "id": 6124914035,
        "Type": "node",
        "Region": "CD",
        "refs": null,
        "tags.barrier": null,
        "tags.frequency": null,
        "tags.location": null,
        "tags.name": "Maternité",
        "tags.operator": null,
        "tags.power": "substation",
        "tags.substation": "distribution",
        "tags.voltage": "33000",
        "other_tags": null
      },
      "geometry": {
        "type": "Point",
        "coordinates": [
          15.3582349,
          -4.3521447
        ]
      }
    },
    {
      "type": "Feature",
      "properties": {
        "id": 6253856051,
        "Type": "node",
        "Region": "CD",
        "refs": null,
        "tags.barrier": null,
        "tags.frequency": null,
        "tags.location": null,
        "tags.name": "Centre Basse Tension SNEL",
        "tags.operator": null,
        "tags.power": "substation",
        "tags.substation": "distribution",
        "tags.voltage": "33000",
        "other_tags": null
      },
      "geometry": {
        "type": "Point",
        "coordinates": [
          17.374180599999935,
          -3.307808400000011
        ]
      }
    },
    {
      "type": "Feature",
      "properties": {
        "id": 6254640374,
        "Type": "node",
        "Region": "CD",
        "refs": null,
        "tags.barrier": null,
        "tags.frequency": null,
        "tags.location": null,
        "tags.name": "Haute Tension Sadelmi",
        "tags.operator": null,
        "tags.power": "substation",
        "tags.substation": "transmission",
        "tags.voltage": "132000",
        "other_tags": null
      },
      "geometry": {
        "type": "Point",
        "coordinates": [
          17.376465799999988,
          -3.294368700000028
        ]
      }
    },
    {
      "type": "Feature",
      "properties": {
        "id": 6738638374,
        "Type": "node",
        "Region": "CD",
        "refs": null,
        "tags.barrier": null,
        "tags.frequency": 50.0,
        "tags.location": null,
        "tags.name": "Poste électrique de Moenge",
        "tags.operator": "SNEL",
        "tags.power": "substation",
        "tags.substation": "transmission",
        "tags.voltage": "132000",
        "other_tags": null
      },
      "geometry": {
        "type": "Point",
        "coordinates": [
          12.969178,
          -5.4446083
        ]
      }
    },
    {
      "type": "Feature",
      "properties": {
        "id": 9495569001,
        "Type": "node",
        "Region": "CD",
        "refs": null,
        "tags.barrier": null,
        "tags.frequency": null,
        "tags.location": null,
        "tags.name": null,
        "tags.operator": null,
        "tags.power": "substation",
        "tags.substation": "minor_distribution",
        "tags.voltage": "33000",
        "other_tags": null
      },
      "geometry": {
        "type": "Point",
        "coordinates": [
          28.849062,
          -2.5130368
        ]
      }
    },
    {
      "type": "Feature",
      "properties": {
        "id": 12700644410,
        "Type": "node",
        "Region": "CD",
        "refs": null,
        "tags.barrier": null,
        "tags.frequency": null,
        "tags.location": null,
        "tags.name": null,
        "tags.operator": null,
        "tags.power": "substation",
        "tags.substation": "transmission",
        "tags.voltage": "132000",
        "other_tags": null
      },
      "geometry": {
        "type": "Point",
        "coordinates": [
          16.52031529999982,
          -4.430960199999928
        ]
      }
    },
    {
      "type": "Feature",
      "properties": {
        "id": 169205088,
        "Type": "area",
        "Region": "CD",
        "refs": [
          1803669893,
          1803669894,
          11079008437,
          6193021744,
          6193021743,
          1803669895,
          1803669896,
          11078977204,
          1803669893
        ],
        "tags.barrier": "fence",
        "tags.frequency": null,
        "tags.location": null,
        "tags.name": "Station de Conversion de KOLWEZI (SCK)",
        "tags.operator": null,
        "tags.power": "substation",
        "tags.substation": "converter",
        "tags.voltage": "220000; 500000",
        "other_tags": {
          "tags.name:fr": "Station de Conversion de KOLWEZI (SCK)",
          "tags.layer": "-1"
        }
      },
      "geometry": {
        "type": "Polygon",
        "coordinates": [
          [
            [
              25.450076899999942,
              -10.656300599999984
            ],
            [
              25.45457619999994,
              -10.656320199999984
            ],
            [
              25.454572399999954,
              -10.6573418
            ],
            [
              25.454569299999914,
              -10.6581698
            ],
            [
              25.454965899999912,
              -10.6581741
            ],
            [
              25.45496679999994,
              -10.659203099999983
            ],
            [
              25.45001889999994,
              -10.659261
            ],
            [
              25.450057,
              -10.657316900000012
            ],
            [
              25.450076899999942,
              -10.656300599999984
            ]
          ]
        ]
      }
    },
    {
      "type": "Feature",
      "properties": {
        "id": 179862605,
        "Type": "area",
        "Region": "CD",
        "refs": [
          1902958234,
          1902958245,
          1902958247,
          1902958243,
          1902958240,
          1902958238,
          7264495639,
          7264495640,
          7264495641,
          1902958233,
          7264495644,
          7264495643,
          1902958160,
          1902958174,
          7264495642,
          1902958172,
          1902958204,
          1902958234
        ],
        "tags.barrier": "fence",
        "tags.frequency": 0.0,
        "tags.location": null,
        "tags.name": "Station de Conversion d'Inga",
        "tags.operator": null,
        "tags.power": "substation",
        "tags.substation": "converter",
        "tags.voltage": "500000",
        "other_tags": {
          "tags.name:fr": "Station de Conversion d'Inga",
          "tags.name:en": "Inga Inverter Station"
        }
      },
      "geometry": {
        "type": "Polygon",
        "coordinates": [
          [
            [
              13.612586299999977,
              -5.524877
            ],
            [
              13.611531499999975,
              -5.5266537
            ],
            [
              13.610987699999974,
              -5.5267552
            ],
            [
              13.610694,
              -5.5265309
            ],
            [
              13.610359899999976,
              -5.5257886
            ],
            [
              13.609909399999976,
              -5.5255511
            ],
            [
              13.609991200000014,
              -5.5253976
            ],
            [
              13.609715,
              -5.525152
            ],
            [
              13.609558,
              -5.524881
            ],
            [
              13.609246899999977,
              -5.5246888
            ],
            [
              13.609511100000015,
              -5.5242169
            ],
            [
              13.609527900000014,
              -5.5240654
            ],
            [
              13.610204499999977,
              -5.5228834
            ],
            [
              13.610584699999977,
              -5.523149
            ],
            [
              13.610616800000013,
              -5.5231624
            ],
            [
              13.61105,
              -5.5231544
            ],
            [
              13.61215439999998,
              -5.5238158
            ],
            [
              13.612586299999977,
              -5.524877
            ]
          ]
        ]
      }
    },
    {
      "type": "Feature",
      "properties": {
        "id": 179862607,
        "Type": "area",
        "Region": "CD",
        "refs": [
          1902958143,
          1902958146,
          1902958170,
          1902958190,
          1902958187,
          1902958195,
          1902958184,
          1902958207,
          1902958231,
          1902958215,
          1902958236,
          1902958230,
          1902958228,
          1902958218,
          1902958212,
          1902958181,
          1902958143
        ],
        "tags.barrier": "fence",
        "tags.frequency": null,
        "tags.location": null,
        "tags.name": null,
        "tags.operator": null,
        "tags.power": "substation",
        "tags.substation": "transmission",
        "tags.voltage": "400000;220000;132000",
        "other_tags": {
          "tags.source": "bing"
        }
      },
      "geometry": {
        "type": "Polygon",
        "coordinates": [
          [
            [
              13.622569099999978,
              -5.522145
            ],
            [
              13.623173299999978,
              -5.5223482
            ],
            [
              13.622905199999977,
              -5.5229243
            ],
            [
              13.62431889999998,
              -5.5234568
            ],
            [
              13.624387899999979,
              -5.5233436
            ],
            [
              13.62443329999998,
              -5.5232164
            ],
            [
              13.624857699999978,
              -5.5234305
            ],
            [
              13.62574669999998,
              -5.5238929
            ],
            [
              13.625350599999978,
              -5.5246484
            ],
            [
              13.624684,
              -5.5243061
            ],
            [
              13.624397,
              -5.5248939
            ],
            [
              13.623842,
              -5.5246059
            ],
            [
              13.623868099999978,
              -5.524561
            ],
            [
              13.623469599999979,
              -5.5243509
            ],
            [
              13.623655199999979,
              -5.5239836
            ],
            [
              13.622096099999979,
              -5.5233404
            ],
            [
              13.622569099999978,
              -5.522145
            ]
          ]
        ]
      }
    },
    {
      "type": "Feature",
      "properties": {
        "id": 194146928,
        "Type": "area",
        "Region": "CD",
        "refs": [
          2046609754,
          2046609756,
          2046609799,
          2046609795,
          2046609754
        ],
        "tags.barrier": null,
        "tags.frequency": null,
        "tags.location": "outdoor",
        "tags.name": "Poste 220kV de PANDA",
        "tags.operator": null,
        "tags.power": "substation",
        "tags.substation": "transmission",
        "tags.voltage": "220000",
        "other_tags": null
      },
      "geometry": {
        "type": "Polygon",
        "coordinates": [
          [
            [
              26.752972200000016,
              -11.0248079
            ],
            [
              26.752032500000016,
              -11.0248256
            ],
            [
              26.752063900000014,
              -11.0264273
            ],
            [
              26.753003600000014,
              -11.0264096
            ],
            [
              26.752972200000016,
              -11.0248079
            ]
          ]
        ]
      }
    },
    {
      "type": "Feature",
      "properties": {
        "id": 194187705,
        "Type": "area",
        "Region": "CD",
        "refs": [
          2047000749,
          2047000745,
          2047000742,
          2047000740,
          11086079756,
          2047000734,
          2047000730,
          2047000726,
          2047000720,
          2047000716,
          2047000714,
          2047000718,
          2047000722,
          2047000724,
          2047000732,
          2047000738,
          2047000744,
          2047000749
        ],
        "tags.barrier": null,
        "tags.frequency": 50.0,
        "tags.location": "outdoor",
        "tags.name": "Poste 120kV de Shituru (RC)",
        "tags.operator": "SNEL",
        "tags.power": "substation",
        "tags.substation": "transmission",
        "tags.voltage": "120000",
        "other_tags": null
      },
      "geometry": {
        "type": "Polygon",
        "coordinates": [
          [
            [
              26.7493579,
              -11.0120258
            ],
            [
              26.749007,
              -11.0117248
            ],
            [
              26.7488632,
              -11.0115581
            ],
            [
              26.7489844,
              -11.0114294
            ],
            [
              26.7487961,
              -11.0112544
            ],
            [
              26.7486303,
              -11.0114608
            ],
            [
              26.7483099,
              -11.011224
            ],
            [
              26.7485194,
              -11.010974
            ],
            [
              26.7480151,
              -11.0105106
            ],
            [
              26.7483398,
              -11.0101657
            ],
            [
              26.7484313,
              -11.0100771
            ],
            [
              26.7490167,
              -11.0103754
            ],
            [
              26.7492423,
              -11.0105767
            ],
            [
              26.7494157,
              -11.0109116
            ],
            [
              26.7495574,
              -11.0111916
            ],
            [
              26.7497979,
              -11.0114131
            ],
            [
              26.7497811,
              -11.0116089
            ],
            [
              26.7493579,
              -11.0120258
            ]
          ]
        ]
      }
    },
    {
      "type": "Feature",
      "properties": {
        "id": 194187710,
        "Type": "area",
        "Region": "CD",
        "refs": [
          2047000912,
          2047000915,
          2047000919,
          2047000918,
          2047000912
        ],
        "tags.barrier": "fence",
        "tags.frequency": null,
        "tags.location": null,
        "tags.name": "Poste 220kV de STL Terril",
        "tags.operator": null,
        "tags.power": "substation",
        "tags.substation": "transmission",
        "tags.voltage": "220000",
        "other_tags": null
      },
      "geometry": {
        "type": "Polygon",
        "coordinates": [
          [
            [
              27.4687882,
              -11.6802334
            ],
            [
              27.4691959,
              -11.680356
            ],
            [
              27.4689515,
              -11.6811348
            ],
            [
              27.4685439,
              -11.6810121
            ],
            [
              27.4687882,
              -11.6802334
            ]
          ]
        ]
      }
    },
    {
      "type": "Feature",
      "properties": {
        "id": 195842216,
        "Type": "area",
        "Region": "CD",
        "refs": [
          2062594452,
          2470104713,
          2470655233,
          2470655626,
          2062594480,
          2470104702,
          2062594473,
          2062594446,
          2062594452
        ],
        "tags.barrier": null,
        "tags.frequency": null,
        "tags.location": "outdoor",
        "tags.name": null,
        "tags.operator": null,
        "tags.power": "substation",
        "tags.substation": "transmission",
        "tags.voltage": "132000",
        "other_tags": null
      },
      "geometry": {
        "type": "Polygon",
        "coordinates": [
          [
            [
              29.19416540000001,
              -5.908973599999968
            ],
            [
              29.194225900000024,
              -5.909709299999975
            ],
            [
              29.193938200000012,
              -5.9097426
            ],
            [
              29.193842199999985,
              -5.9099965
            ],
            [
              29.19387490000001,
              -5.910226
            ],
            [
              29.195180800000024,
              -5.909657199999975
            ],
            [
              29.19514530000001,
              -5.909397299999967
            ],
            [
              29.1950442,
              -5.908834899999968
            ],
            [
              29.19416540000001,
              -5.908973599999968
            ]
          ]
        ]
      }
    },
    {
      "type": "Feature",
      "properties": {
        "id": 217290364,
        "Type": "area",
        "Region": "CD",
        "refs": [
          2265680509,
          2265680513,
          2265680514,
          2265680512,
          2265680508,
          2265680507,
          2265680509
        ],
        "tags.barrier": null,
        "tags.frequency": null,
        "tags.location": null,
        "tags.name": null,
        "tags.operator": null,
        "tags.power": "substation",
        "tags.substation": "transmission",
        "tags.voltage": "120000",
        "other_tags": null
      },
      "geometry": {
        "type": "Polygon",
        "coordinates": [
          [
            [
              26.32435610000007,
              -10.619867899999988
            ],
            [
              26.324508300000073,
              -10.620348699999989
            ],
            [
              26.324011900000073,
              -10.620464199999988
            ],
            [
              26.32388680000007,
              -10.619944499999988
            ],
            [
              26.32402450000007,
              -10.61991249999999
            ],
            [
              26.32429450000007,
              -10.619865199999989
            ],
            [
              26.32435610000007,
              -10.619867899999988
            ]
          ]
        ]
      }
    },
    {
      "type": "Feature",
      "properties": {
        "id": 217978751,
        "Type": "area",
        "Region": "CD",
        "refs": [
          2272877996,
          2272877990,
          2272877924,
          2272877925,
          2272877996
        ],
        "tags.barrier": null,
        "tags.frequency": null,
        "tags.location": "outdoor",
        "tags.name": null,
        "tags.operator": null,
        "tags.power": "substation",
        "tags.substation": "transmission",
        "tags.voltage": "120000",
        "other_tags": null
      },
      "geometry": {
        "type": "Polygon",
        "coordinates": [
          [
            [
              26.115452600000026,
              -10.60747530000001
            ],
            [
              26.115875800000026,
              -10.60722150000001
            ],
            [
              26.115637300000028,
              -10.6068231
            ],
            [
              26.11521050000003,
              -10.6070487
            ],
            [
              26.115452600000026,
              -10.60747530000001
            ]
          ]
        ]
      }
    },
    {
      "type": "Feature",
      "properties": {
        "id": 218072923,
        "Type": "area",
        "Region": "CD",
        "refs": [
          2273699628,
          2273699622,
          2273699624,
          2273699620,
          2273699618,
          2273699603,
          2273699604,
          2273699598,
          11079002862,
          2273699590,
          11079002858,
          11079002859,
          11079002860,
          11079002861,
          2273699587,
          2273699596,
          2273699600,
          2273699610,
          2273699609,
          2273699611,
          11079002863,
          11079002864,
          2273699612,
          2273699626,
          11079002866,
          11079002865,
          2273699628
        ],
        "tags.barrier": "fence",
        "tags.frequency": null,
        "tags.location": "outdoor",
        "tags.name": "Répartiteur Ouest (RO)",
        "tags.operator": null,
        "tags.power": "substation",
        "tags.substation": "transmission",
        "tags.voltage": "120000",
        "other_tags": null
      },
      "geometry": {
        "type": "Polygon",
        "coordinates": [
          [
            [
              25.453300399999954,
              -10.6654694
            ],
            [
              25.45322109999995,
              -10.6650732
            ],
            [
              25.453052499999952,
              -10.6651058
            ],
            [
              25.45297949999995,
              -10.6647413
            ],
            [
              25.45326489999995,
              -10.6646862
            ],
            [
              25.453132399999948,
              -10.6638914
            ],
            [
              25.45303549999995,
              -10.663824
            ],
            [
              25.45294949999995,
              -10.6634008
            ],
            [
              25.453035699999955,
              -10.6633822
            ],
            [
              25.452919899999948,
              -10.6628198
            ],
            [
              25.453173799999956,
              -10.662776
            ],
            [
              25.453274399999955,
              -10.6627338
            ],
            [
              25.453471499999957,
              -10.6626982
            ],
            [
              25.453502399999955,
              -10.6627101
            ],
            [
              25.453756099999946,
              -10.6626624
            ],
            [
              25.453881,
              -10.6632551
            ],
            [
              25.45383439999995,
              -10.6632641
            ],
            [
              25.454044499999952,
              -10.6643137
            ],
            [
              25.454120199999952,
              -10.664299
            ],
            [
              25.454145399999952,
              -10.6644252
            ],
            [
              25.454094599999955,
              -10.664435
            ],
            [
              25.454182699999954,
              -10.6648751
            ],
            [
              25.45414259999995,
              -10.6648829
            ],
            [
              25.454204799999953,
              -10.6651933
            ],
            [
              25.454109299999956,
              -10.6652105
            ],
            [
              25.454128,
              -10.6653119
            ],
            [
              25.453300399999954,
              -10.6654694
            ]
          ]
        ]
      }
    },
    {
      "type": "Feature",
      "properties": {
        "id": 218072927,
        "Type": "area",
        "Region": "CD",
        "refs": [
          2273699793,
          2273699787,
          2273699788,
          2273699795,
          10173058996,
          10173058997,
          2273699793
        ],
        "tags.barrier": null,
        "tags.frequency": null,
        "tags.location": "outdoor",
        "tags.name": "Poste 120kV KCC",
        "tags.operator": null,
        "tags.power": "substation",
        "tags.substation": "transmission",
        "tags.voltage": "120000",
        "other_tags": null
      },
      "geometry": {
        "type": "Polygon",
        "coordinates": [
          [
            [
              25.39268749999995,
              -10.6828022
            ],
            [
              25.393372599999953,
              -10.6820781
            ],
            [
              25.393810799999954,
              -10.6824784
            ],
            [
              25.39322409999995,
              -10.6830983
            ],
            [
              25.392963199999958,
              -10.682859900000025
            ],
            [
              25.392864599999957,
              -10.682964100000026
            ],
            [
              25.39268749999995,
              -10.6828022
            ]
          ]
        ]
      }
    },
    {
      "type": "Feature",
      "properties": {
        "id": 224116041,
        "Type": "area",
        "Region": "CD",
        "refs": [
          2329466161,
          2329466168,
          2329466169,
          2329466166,
          2329466162,
          2329466161
        ],
        "tags.barrier": null,
        "tags.frequency": 50.0,
        "tags.location": "outdoor",
        "tags.name": "T-Off 120kV Kisanfu",
        "tags.operator": "SNEL",
        "tags.power": "substation",
        "tags.substation": "transmission",
        "tags.voltage": "120000",
        "other_tags": null
      },
      "geometry": {
        "type": "Polygon",
        "coordinates": [
          [
            [
              25.9569184,
              -10.6549677
            ],
            [
              25.9569184,
              -10.6552465
            ],
            [
              25.9572129,
              -10.6552465
            ],
            [
              25.9572156,
              -10.6551008
            ],
            [
              25.9572129,
              -10.6549677
            ],
            [
              25.9569184,
              -10.6549677
            ]
          ]
        ]
      }
    },
    {
      "type": "Feature",
      "properties": {
        "id": 224118765,
        "Type": "area",
        "Region": "CD",
        "refs": [
          2329482844,
          2329482847,
          2329482846,
          2329482843,
          4501384266,
          2329482844
        ],
        "tags.barrier": null,
        "tags.frequency": 50.0,
        "tags.location": "outdoor",
        "tags.name": "Poste 120kV de KYAVIE",
        "tags.operator": "SNEL",
        "tags.power": "substation",
        "tags.substation": "transmission",
        "tags.voltage": "120000",
        "other_tags": null
      },
      "geometry": {
        "type": "Polygon",
        "coordinates": [
          [
            [
              25.809909,
              -10.6342952
            ],
            [
              25.8099104,
              -10.6347875
            ],
            [
              25.8107158,
              -10.6347852
            ],
            [
              25.8107143,
              -10.6342929
            ],
            [
              25.810161499999985,
              -10.634294499999983
            ],
            [
              25.809909,
              -10.6342952
            ]
          ]
        ]
      }
    },
    {
      "type": "Feature",
      "properties": {
        "id": 224127902,
        "Type": "area",
        "Region": "CD",
        "refs": [
          2329570437,
          2329570438,
          2329570431,
          2329570430,
          2329570436,
          2329570437
        ],
        "tags.barrier": null,
        "tags.frequency": 50.0,
        "tags.location": "outdoor",
        "tags.name": "Poste 120kV de Nzilo",
        "tags.operator": "SNEL",
        "tags.power": "substation",
        "tags.substation": "converter",
        "tags.voltage": "12000",
        "other_tags": null
      },
      "geometry": {
        "type": "Polygon",
        "coordinates": [
          [
            [
              25.445792600000022,
              -10.5022668
            ],
            [
              25.446009200000024,
              -10.502364
            ],
            [
              25.446438,
              -10.5014404
            ],
            [
              25.44607640000002,
              -10.5012782
            ],
            [
              25.445647700000023,
              -10.5022018
            ],
            [
              25.445792600000022,
              -10.5022668
            ]
          ]
        ]
      }
    },
    {
      "type": "Feature",
      "properties": {
        "id": 224129614,
        "Type": "area",
        "Region": "CD",
        "refs": [
          2329586331,
          2329586335,
          2329586339,
          2329586337,
          2329586331
        ],
        "tags.barrier": null,
        "tags.frequency": null,
        "tags.location": "outdoor",
        "tags.name": null,
        "tags.operator": null,
        "tags.power": "substation",
        "tags.substation": "transmission",
        "tags.voltage": "132000",
        "other_tags": null
      },
      "geometry": {
        "type": "Polygon",
        "coordinates": [
          [
            [
              24.72599210000004,
              -10.5732999
            ],
            [
              24.725756500000042,
              -10.57345
            ],
            [
              24.72593670000004,
              -10.5737233
            ],
            [
              24.72617230000004,
              -10.5735732
            ],
            [
              24.72599210000004,
              -10.5732999
            ]
          ]
        ]
      }
    },
    {
      "type": "Feature",
      "properties": {
        "id": 224129616,
        "Type": "area",
        "Region": "CD",
        "refs": [
          2329586341,
          2329586343,
          2329586345,
          2329586344,
          2329586341
        ],
        "tags.barrier": null,
        "tags.frequency": null,
        "tags.location": "outdoor",
        "tags.name": null,
        "tags.operator": null,
        "tags.power": "substation",
        "tags.substation": "transmission",
        "tags.voltage": "120000",
        "other_tags": null
      },
      "geometry": {
        "type": "Polygon",
        "coordinates": [
          [
            [
              24.72635670000004,
              -10.5738667
            ],
            [
              24.725936,
              -10.5741333
            ],
            [
              24.72626240000004,
              -10.5746311
            ],
            [
              24.72668320000004,
              -10.5743645
            ],
            [
              24.72635670000004,
              -10.5738667
            ]
          ]
        ]
      }
    },
    {
      "type": "Feature",
      "properties": {
        "id": 224132606,
        "Type": "area",
        "Region": "CD",
        "refs": [
          11077727885,
          2329644929,
          2329644934,
          2329644933,
          2329644926,
          11077727889,
          11077727888,
          11077727887,
          11077727885
        ],
        "tags.barrier": null,
        "tags.frequency": null,
        "tags.location": "outdoor",
        "tags.name": "Poste 220kV de NSEKE",
        "tags.operator": null,
        "tags.power": "substation",
        "tags.substation": "transmission",
        "tags.voltage": "220000",
        "other_tags": null
      },
      "geometry": {
        "type": "Polygon",
        "coordinates": [
          [
            [
              25.404148399999947,
              -10.3041737
            ],
            [
              25.404649200000033,
              -10.3046733
            ],
            [
              25.404175800000033,
              -10.3050957
            ],
            [
              25.404036100000035,
              -10.3050799
            ],
            [
              25.403298700000036,
              -10.3043054
            ],
            [
              25.403338399999946,
              -10.3040892
            ],
            [
              25.403566399999946,
              -10.3039018
            ],
            [
              25.403982099999947,
              -10.3043241
            ],
            [
              25.404148399999947,
              -10.3041737
            ]
          ]
        ]
      }
    },
    {
      "type": "Feature",
      "properties": {
        "id": 224133687,
        "Type": "area",
        "Region": "CD",
        "refs": [
          2329656383,
          2329656388,
          2329656389,
          2329656387,
          2329656384,
          2329656382,
          2329656383
        ],
        "tags.barrier": "fence",
        "tags.frequency": 50.0,
        "tags.location": "outdoor",
        "tags.name": "Poste 120kV de Koni",
        "tags.operator": "SNEL",
        "tags.power": "substation",
        "tags.substation": "transmission",
        "tags.voltage": "120000",
        "other_tags": null
      },
      "geometry": {
        "type": "Polygon",
        "coordinates": [
          [
            [
              27.283674400000052,
              -10.7182237
            ],
            [
              27.284066100000054,
              -10.7185172
            ],
            [
              27.284397700000053,
              -10.718553
            ],
            [
              27.284507,
              -10.7184116
            ],
            [
              27.28448150000005,
              -10.7182272
            ],
            [
              27.283978700000052,
              -10.7178352
            ],
            [
              27.283674400000052,
              -10.7182237
            ]
          ]
        ]
      }
    },
    {
      "type": "Feature",
      "properties": {
        "id": 260291362,
        "Type": "area",
        "Region": "CD",
        "refs": [
          2657674528,
          2657674529,
          2657674530,
          2657674526,
          3667441185,
          6965991067,
          2657674528
        ],
        "tags.barrier": null,
        "tags.frequency": null,
        "tags.location": "outdoor",
        "tags.name": "Poste électrique SNEL",
        "tags.operator": null,
        "tags.power": "substation",
        "tags.substation": "transmission",
        "tags.voltage": "120000",
        "other_tags": null
      },
      "geometry": {
        "type": "Polygon",
        "coordinates": [
          [
            [
              27.490615199999983,
              -11.600878
            ],
            [
              27.492102399999983,
              -11.60043190000004
            ],
            [
              27.492587599999982,
              -11.60198410000004
            ],
            [
              27.491100399999983,
              -11.60243020000004
            ],
            [
              27.490943199999904,
              -11.6019272
            ],
            [
              27.4908805,
              -11.6017265
            ],
            [
              27.490615199999983,
              -11.600878
            ]
          ]
        ]
      }
    },
    {
      "type": "Feature",
      "properties": {
        "id": 282407163,
        "Type": "area",
        "Region": "CD",
        "refs": [
          2863176955,
          2863180083,
          2863176956,
          2863176957,
          2863176958,
          2863176959,
          2863176955
        ],
        "tags.barrier": "fence",
        "tags.frequency": 50.0,
        "tags.location": "outdoor",
        "tags.name": "Poste 220kV de Kimwenza",
        "tags.operator": "SNEL",
        "tags.power": "substation",
        "tags.substation": "transmission",
        "tags.voltage": "220000",
        "other_tags": null
      },
      "geometry": {
        "type": "Polygon",
        "coordinates": [
          [
            [
              15.339679899999956,
              -4.4691456
            ],
            [
              15.339509499999956,
              -4.4689505
            ],
            [
              15.338667499999955,
              -4.4679865
            ],
            [
              15.338580199999955,
              -4.4673344
            ],
            [
              15.339109699999955,
              -4.4668733
            ],
            [
              15.340444,
              -4.4684531
            ],
            [
              15.339679899999956,
              -4.4691456
            ]
          ]
        ]
      }
    },
    {
      "type": "Feature",
      "properties": {
        "id": 304854320,
        "Type": "area",
        "Region": "CD",
        "refs": [
          3094454504,
          3094454502,
          3094454503,
          3094454505,
          3094454504
        ],
        "tags.barrier": null,
        "tags.frequency": null,
        "tags.location": null,
        "tags.name": null,
        "tags.operator": null,
        "tags.power": "substation",
        "tags.substation": "transmission",
        "tags.voltage": "132000",
        "other_tags": null
      },
      "geometry": {
        "type": "Polygon",
        "coordinates": [
          [
            [
              28.874598399999876,
              -2.509498399999968
            ],
            [
              28.875038999999873,
              -2.509371399999968
            ],
            [
              28.875070699999874,
              -2.509481299999968
            ],
            [
              28.874630199999874,
              -2.509608399999968
            ],
            [
              28.874598399999876,
              -2.509498399999968
            ]
          ]
        ]
      }
    },
    {
      "type": "Feature",
      "properties": {
        "id": 304854322,
        "Type": "area",
        "Region": "CD",
        "refs": [
          3094454507,
          3094454509,
          3094454512,
          3094454513,
          3094454511,
          3094454510,
          3094454507
        ],
        "tags.barrier": null,
        "tags.frequency": null,
        "tags.location": null,
        "tags.name": null,
        "tags.operator": "Rwanda Energy Group",
        "tags.power": "substation",
        "tags.substation": "transmission",
        "tags.voltage": "132000",
        "other_tags": {
          "tags.operator:short": "REG",
          "tags.operator:wikidata": "Q48790462"
        }
      },
      "geometry": {
        "type": "Polygon",
        "coordinates": [
          [
            [
              28.879108999999875,
              -2.511233399999968
            ],
            [
              28.879201299999878,
              -2.511280899999968
            ],
            [
              28.87935959999988,
              -2.511536499999968
            ],
            [
              28.87929889999988,
              -2.511628699999968
            ],
            [
              28.87910899999988,
              -2.511508799999968
            ],
            [
              28.879053599999878,
              -2.511469299999968
            ],
            [
              28.879108999999875,
              -2.511233399999968
            ]
          ]
        ]
      }
    },
    {
      "type": "Feature",
      "properties": {
        "id": 304854323,
        "Type": "area",
        "Region": "CD",
        "refs": [
          3094454522,
          3094454518,
          3094454517,
          3094454520,
          3094454519,
          3094454523,
          3094454525,
          3094454522
        ],
        "tags.barrier": null,
        "tags.frequency": null,
        "tags.location": null,
        "tags.name": "Rusizi Substation",
        "tags.operator": "Rwanda Energy Group",
        "tags.power": "substation",
        "tags.substation": "transmission",
        "tags.voltage": "132000",
        "other_tags": {
          "tags.landuse": "industrial",
          "tags.operator:short": "REG",
          "tags.operator:wikidata": "Q48790462"
        }
      },
      "geometry": {
        "type": "Polygon",
        "coordinates": [
          [
            [
              28.875861099999877,
              -2.513385499999969
            ],
            [
              28.87659969999988,
              -2.512930899999968
            ],
            [
              28.87671049999988,
              -2.512925699999968
            ],
            [
              28.876775199999877,
              -2.513048199999969
            ],
            [
              28.876835799999878,
              -2.513025799999968
            ],
            [
              28.877177399999876,
              -2.513560799999969
            ],
            [
              28.876329399999875,
              -2.514119499999968
            ],
            [
              28.875861099999877,
              -2.513385499999969
            ]
          ]
        ]
      }
    },
    {
      "type": "Feature",
      "properties": {
        "id": 304962960,
        "Type": "area",
        "Region": "CD",
        "refs": [
          3095329821,
          3095329815,
          3095332390,
          3095332389,
          3095332370,
          3095332395,
          3095332382,
          3095332334,
          3095329821
        ],
        "tags.barrier": null,
        "tags.frequency": null,
        "tags.location": "outdoor",
        "tags.name": null,
        "tags.operator": null,
        "tags.power": "substation",
        "tags.substation": "transmission",
        "tags.voltage": "66000",
        "other_tags": null
      },
      "geometry": {
        "type": "Polygon",
        "coordinates": [
          [
            [
              27.77191670000002,
              -12.2982293
            ],
            [
              27.77209120000002,
              -12.2987183
            ],
            [
              27.772624900000018,
              -12.2985596
            ],
            [
              27.773118500000017,
              -12.2984117
            ],
            [
              27.773113,
              -12.2983499
            ],
            [
              27.772348600000015,
              -12.2976947
            ],
            [
              27.77175040000002,
              -12.2978886
            ],
            [
              27.77187110000002,
              -12.2982319
            ],
            [
              27.77191670000002,
              -12.2982293
            ]
          ]
        ]
      }
    },
    {
      "type": "Feature",
      "properties": {
        "id": 304973264,
        "Type": "area",
        "Region": "CD",
        "refs": [
          3095447418,
          3095447423,
          3095447415,
          3095447419,
          3095447418
        ],
        "tags.barrier": "fence",
        "tags.frequency": null,
        "tags.location": null,
        "tags.name": "Poste 220kV de Kasumbalesa",
        "tags.operator": null,
        "tags.power": "substation",
        "tags.substation": "transmission",
        "tags.voltage": "220000",
        "other_tags": {
          "tags.fence_type": "concrete",
          "tags.height": "3"
        }
      },
      "geometry": {
        "type": "Polygon",
        "coordinates": [
          [
            [
              27.8016515,
              -12.25735330000001
            ],
            [
              27.80262940000001,
              -12.255801500000011
            ],
            [
              27.803694,
              -12.256442100000012
            ],
            [
              27.80271620000001,
              -12.257993900000011
            ],
            [
              27.8016515,
              -12.25735330000001
            ]
          ]
        ]
      }
    },
    {
      "type": "Feature",
      "properties": {
        "id": 311384252,
        "Type": "area",
        "Region": "CD",
        "refs": [
          3170211821,
          3170211781,
          3170211917,
          3170211819,
          3170211818,
          3170211888,
          3170211894,
          3170211874,
          3170211821
        ],
        "tags.barrier": "fence",
        "tags.frequency": null,
        "tags.location": "outdoor",
        "tags.name": "Poste 220kV de Musoshi",
        "tags.operator": null,
        "tags.power": "substation",
        "tags.substation": "transmission",
        "tags.voltage": "120000",
        "other_tags": {
          "tags.fence_type": "concrete",
          "tags.height": "3"
        }
      },
      "geometry": {
        "type": "Polygon",
        "coordinates": [
          [
            [
              27.727226,
              -12.2727501
            ],
            [
              27.72709939999996,
              -12.2730691
            ],
            [
              27.727614499999948,
              -12.2732642
            ],
            [
              27.727766199999948,
              -12.2728818
            ],
            [
              27.72762729999995,
              -12.2728292
            ],
            [
              27.727699299999944,
              -12.2726478
            ],
            [
              27.727044599999946,
              -12.2723998
            ],
            [
              27.726947399999947,
              -12.2726446
            ],
            [
              27.727226,
              -12.2727501
            ]
          ]
        ]
      }
    },
    {
      "type": "Feature",
      "properties": {
        "id": 323275830,
        "Type": "area",
        "Region": "CD",
        "refs": [
          3300723312,
          3300723303,
          3300723314,
          3300723294,
          3300723312
        ],
        "tags.barrier": "fence",
        "tags.frequency": null,
        "tags.location": "outdoor",
        "tags.name": "Poste 120kV de Kibula",
        "tags.operator": null,
        "tags.power": "substation",
        "tags.substation": "transmission",
        "tags.voltage": "120000",
        "other_tags": null
      },
      "geometry": {
        "type": "Polygon",
        "coordinates": [
          [
            [
              25.45479270000014,
              -8.887730700000017
            ],
            [
              25.45483000000014,
              -8.888196700000016
            ],
            [
              25.45525410000014,
              -8.888163500000017
            ],
            [
              25.455216700000143,
              -8.887697500000016
            ],
            [
              25.45479270000014,
              -8.887730700000017
            ]
          ]
        ]
      }
    },
    {
      "type": "Feature",
      "properties": {
        "id": 323612186,
        "Type": "area",
        "Region": "CD",
        "refs": [
          3303939255,
          3303939254,
          3303939178,
          3303939182,
          3303939255
        ],
        "tags.barrier": null,
        "tags.frequency": null,
        "tags.location": null,
        "tags.name": null,
        "tags.operator": null,
        "tags.power": "substation",
        "tags.substation": "transmission",
        "tags.voltage": "120000",
        "other_tags": null
      },
      "geometry": {
        "type": "Polygon",
        "coordinates": [
          [
            [
              27.10802389999994,
              -11.244201499999974
            ],
            [
              27.10791319999994,
              -11.244354799999973
            ],
            [
              27.10805619999995,
              -11.24445409999998
            ],
            [
              27.108166799999953,
              -11.24430079999998
            ],
            [
              27.10802389999994,
              -11.244201499999974
            ]
          ]
        ]
      }
    },
    {
      "type": "Feature",
      "properties": {
        "id": 323763609,
        "Type": "area",
        "Region": "CD",
        "refs": [
          3305428376,
          3305428188,
          3305426033,
          3305428211,
          3305428195,
          3305428209,
          3305428376
        ],
        "tags.barrier": null,
        "tags.frequency": 50.0,
        "tags.location": "outdoor",
        "tags.name": "Poste 120kV de MUMI1",
        "tags.operator": "SNEL",
        "tags.power": "substation",
        "tags.substation": "transmission",
        "tags.voltage": "120000",
        "other_tags": null
      },
      "geometry": {
        "type": "Polygon",
        "coordinates": [
          [
            [
              25.815271200000037,
              -10.7996966
            ],
            [
              25.81648410000004,
              -10.799694
            ],
            [
              25.816482900000032,
              -10.7991364
            ],
            [
              25.81622020000004,
              -10.799137
            ],
            [
              25.81527,
              -10.799139
            ],
            [
              25.815270100000042,
              -10.799196
            ],
            [
              25.815271200000037,
              -10.7996966
            ]
          ]
        ]
      }
    },
    {
      "type": "Feature",
      "properties": {
        "id": 343297984,
        "Type": "area",
        "Region": "CD",
        "refs": [
          3501660445,
          3501660446,
          3501660451,
          3501660449,
          3501660445
        ],
        "tags.barrier": "fence",
        "tags.frequency": null,
        "tags.location": null,
        "tags.name": "Poste 120kV de Kisenge",
        "tags.operator": null,
        "tags.power": "substation",
        "tags.substation": "transmission",
        "tags.voltage": "120000",
        "other_tags": {
          "tags.fence_type": "concrete",
          "tags.height": "3"
        }
      },
      "geometry": {
        "type": "Polygon",
        "coordinates": [
          [
            [
              23.1857387,
              -10.7018834
            ],
            [
              23.1861054,
              -10.7019909
            ],
            [
              23.1859453,
              -10.7025184
            ],
            [
              23.1855787,
              -10.7024109
            ],
            [
              23.1857387,
              -10.7018834
            ]
          ]
        ]
      }
    },
    {
      "type": "Feature",
      "properties": {
        "id": 361353336,
        "Type": "area",
        "Region": "CD",
        "refs": [
          3658403089,
          3658403098,
          3658403090,
          3658403091,
          3658403092,
          3658403089
        ],
        "tags.barrier": null,
        "tags.frequency": null,
        "tags.location": "outdoor",
        "tags.name": null,
        "tags.operator": null,
        "tags.power": "substation",
        "tags.substation": "transmission",
        "tags.voltage": "220000",
        "other_tags": null
      },
      "geometry": {
        "type": "Polygon",
        "coordinates": [
          [
            [
              15.3247368,
              -4.332210399999986
            ],
            [
              15.3248556,
              -4.332573
            ],
            [
              15.3249524,
              -4.332868899999986
            ],
            [
              15.3242987,
              -4.333081699999986
            ],
            [
              15.324083,
              -4.332423299999986
            ],
            [
              15.3247368,
              -4.332210399999986
            ]
          ]
        ]
      }
    },
    {
      "type": "Feature",
      "properties": {
        "id": 362880206,
        "Type": "area",
        "Region": "CD",
        "refs": [
          3671211365,
          3671211366,
          3671211367,
          3671211368,
          3671211365
        ],
        "tags.barrier": null,
        "tags.frequency": null,
        "tags.location": "outdoor",
        "tags.name": null,
        "tags.operator": null,
        "tags.power": "substation",
        "tags.substation": "transmission",
        "tags.voltage": "220000",
        "other_tags": null
      },
      "geometry": {
        "type": "Polygon",
        "coordinates": [
          [
            [
              15.353994399999964,
              -4.362778499999959
            ],
            [
              15.354019399999965,
              -4.364425399999959
            ],
            [
              15.355823099999965,
              -4.364398199999959
            ],
            [
              15.355798099999964,
              -4.362751199999959
            ],
            [
              15.353994399999964,
              -4.362778499999959
            ]
          ]
        ]
      }
    },
    {
      "type": "Feature",
      "properties": {
        "id": 364767189,
        "Type": "area",
        "Region": "CD",
        "refs": [
          11088647587,
          11088647595,
          2729154441,
          2729154433,
          2729154434,
          2729154430,
          2729154432,
          2729154436,
          3688131116,
          2729154456,
          2729154477,
          2729154472,
          2729154465,
          2729154463,
          2729154458,
          2729154457,
          2729154450,
          2729154445,
          11088647587
        ],
        "tags.barrier": "wall",
        "tags.frequency": null,
        "tags.location": "outdoor",
        "tags.name": "Poste 120kV RS",
        "tags.operator": null,
        "tags.power": "substation",
        "tags.substation": "transmission",
        "tags.voltage": "120000",
        "other_tags": null
      },
      "geometry": {
        "type": "Polygon",
        "coordinates": [
          [
            [
              27.471837599999983,
              -11.6775455
            ],
            [
              27.471749299999985,
              -11.6771071
            ],
            [
              27.47184250000009,
              -11.67709080000001
            ],
            [
              27.471656800000094,
              -11.676186400000013
            ],
            [
              27.471449400000093,
              -11.676227100000013
            ],
            [
              27.471399600000094,
              -11.675984100000013
            ],
            [
              27.470904800000095,
              -11.676077600000013
            ],
            [
              27.47094460000009,
              -11.676279200000012
            ],
            [
              27.470747099999944,
              -11.6763165
            ],
            [
              27.47106290000009,
              -11.677794300000013
            ],
            [
              27.471111,
              -11.67801180000001
            ],
            [
              27.47117150000009,
              -11.67799780000001
            ],
            [
              27.47114720000009,
              -11.67788
            ],
            [
              27.471280800000088,
              -11.677853500000012
            ],
            [
              27.471266500000088,
              -11.677784600000013
            ],
            [
              27.47135630000009,
              -11.677766800000013
            ],
            [
              27.471332,
              -11.677646
            ],
            [
              27.47181230000009,
              -11.67755240000001
            ],
            [
              27.471837599999983,
              -11.6775455
            ]
          ]
        ]
      }
    },
    {
      "type": "Feature",
      "properties": {
        "id": 372421731,
        "Type": "area",
        "Region": "CD",
        "refs": [
          3759806263,
          3759806264,
          3759806265,
          3759806266,
          3759806263
        ],
        "tags.barrier": null,
        "tags.frequency": null,
        "tags.location": "outdoor",
        "tags.name": null,
        "tags.operator": null,
        "tags.power": "substation",
        "tags.substation": "transmission",
        "tags.voltage": "220000",
        "other_tags": null
      },
      "geometry": {
        "type": "Polygon",
        "coordinates": [
          [
            [
              17.376084099999986,
              -3.2936712
            ],
            [
              17.375779799999986,
              -3.2945656
            ],
            [
              17.376796499999987,
              -3.2949104
            ],
            [
              17.377100799999987,
              -3.294016
            ],
            [
              17.376084099999986,
              -3.2936712
            ]
          ]
        ]
      }
    },
    {
      "type": "Feature",
      "properties": {
        "id": 378446255,
        "Type": "area",
        "Region": "CD",
        "refs": [
          3818528714,
          3818528715,
          3818528716,
          3818528717,
          3818528714
        ],
        "tags.barrier": null,
        "tags.frequency": null,
        "tags.location": "outdoor",
        "tags.name": null,
        "tags.operator": null,
        "tags.power": "substation",
        "tags.substation": "transmission",
        "tags.voltage": "132000",
        "other_tags": {
          "tags.fixme": "unsure about tagging"
        }
      },
      "geometry": {
        "type": "Polygon",
        "coordinates": [
          [
            [
              13.4459303,
              -5.831135300000017
            ],
            [
              13.4461832,
              -5.831317400000017
            ],
            [
              13.4465942,
              -5.830762
            ],
            [
              13.4463386,
              -5.830606500000017
            ],
            [
              13.4459303,
              -5.831135300000017
            ]
          ]
        ]
      }
    },
    {
      "type": "Feature",
      "properties": {
        "id": 383097964,
        "Type": "area",
        "Region": "CD",
        "refs": [
          3863022806,
          3863022803,
          7264496801,
          3863022799,
          3863022800,
          3863022806
        ],
        "tags.barrier": "fence",
        "tags.frequency": null,
        "tags.location": null,
        "tags.name": "Kananga",
        "tags.operator": null,
        "tags.power": "substation",
        "tags.substation": "transmission",
        "tags.voltage": "132000",
        "other_tags": null
      },
      "geometry": {
        "type": "Polygon",
        "coordinates": [
          [
            [
              22.448029800000107,
              -5.991325499999958
            ],
            [
              22.447478400000104,
              -5.991007499999958
            ],
            [
              22.4477711,
              -5.9905058
            ],
            [
              22.447884900000105,
              -5.990310699999958
            ],
            [
              22.448436100000105,
              -5.990628799999958
            ],
            [
              22.448029800000107,
              -5.991325499999958
            ]
          ]
        ]
      }
    },
    {
      "type": "Feature",
      "properties": {
        "id": 388166531,
        "Type": "area",
        "Region": "CD",
        "refs": [
          3913860988,
          3913860986,
          3913861001,
          3913861003,
          3913860988
        ],
        "tags.barrier": "fence",
        "tags.frequency": 50.0,
        "tags.location": "outdoor",
        "tags.name": "Poste 120kV de Mwadingusha",
        "tags.operator": "SNEL",
        "tags.power": "substation",
        "tags.substation": "transmission",
        "tags.voltage": "120000",
        "other_tags": null
      },
      "geometry": {
        "type": "Polygon",
        "coordinates": [
          [
            [
              27.242871500000074,
              -10.7438538
            ],
            [
              27.243511100000074,
              -10.7437915
            ],
            [
              27.24359,
              -10.7445732
            ],
            [
              27.24295050000007,
              -10.7446356
            ],
            [
              27.242871500000074,
              -10.7438538
            ]
          ]
        ]
      }
    },
    {
      "type": "Feature",
      "properties": {
        "id": 388234496,
        "Type": "area",
        "Region": "CD",
        "refs": [
          10173457627,
          3914493345,
          3914493346,
          3914493344,
          10173457634,
          10173457627
        ],
        "tags.barrier": null,
        "tags.frequency": null,
        "tags.location": null,
        "tags.name": "OM Metal",
        "tags.operator": null,
        "tags.power": "substation",
        "tags.substation": "transmission",
        "tags.voltage": "120000",
        "other_tags": {
          "tags.note": "looks like a power=substation under construction?"
        }
      },
      "geometry": {
        "type": "Polygon",
        "coordinates": [
          [
            [
              27.36254270000003,
              -11.4433025
            ],
            [
              27.36215770000003,
              -11.4435706
            ],
            [
              27.36232040000003,
              -11.4437851
            ],
            [
              27.36270670000003,
              -11.4435232
            ],
            [
              27.36260950000003,
              -11.4433925
            ],
            [
              27.36254270000003,
              -11.4433025
            ]
          ]
        ]
      }
    },
    {
      "type": "Feature",
      "properties": {
        "id": 388314641,
        "Type": "area",
        "Region": "CD",
        "refs": [
          3915270728,
          3915270730,
          3915270724,
          3915270723,
          3915270728
        ],
        "tags.barrier": null,
        "tags.frequency": null,
        "tags.location": "outdoor",
        "tags.name": "Poste 220kV de SMCO",
        "tags.operator": null,
        "tags.power": "substation",
        "tags.substation": "transmission",
        "tags.voltage": "220000",
        "other_tags": null
      },
      "geometry": {
        "type": "Polygon",
        "coordinates": [
          [
            [
              26.783699499999972,
              -11.01144559999999
            ],
            [
              26.784346099999972,
              -11.0115952
            ],
            [
              26.78451039999997,
              -11.010911
            ],
            [
              26.78386369999997,
              -11.01076139999999
            ],
            [
              26.783699499999972,
              -11.01144559999999
            ]
          ]
        ]
      }
    },
    {
      "type": "Feature",
      "properties": {
        "id": 388331450,
        "Type": "area",
        "Region": "CD",
        "refs": [
          3915419993,
          3915419995,
          3915419992,
          3915419991,
          3915419993
        ],
        "tags.barrier": null,
        "tags.frequency": null,
        "tags.location": "outdoor",
        "tags.name": "Poste 120kV de Dilongo",
        "tags.operator": null,
        "tags.power": "substation",
        "tags.substation": "transmission",
        "tags.voltage": "120000",
        "other_tags": null
      },
      "geometry": {
        "type": "Polygon",
        "coordinates": [
          [
            [
              26.072718699999978,
              -10.3916627
            ],
            [
              26.07338069999998,
              -10.3918639
            ],
            [
              26.073529499999978,
              -10.3913904
            ],
            [
              26.07286749999998,
              -10.3911891
            ],
            [
              26.072718699999978,
              -10.3916627
            ]
          ]
        ]
      }
    },
    {
      "type": "Feature",
      "properties": {
        "id": 388331451,
        "Type": "area",
        "Region": "CD",
        "refs": [
          3915420194,
          10861265305,
          3915420198,
          3915420196,
          3915420197,
          3915420193,
          3915420192,
          3915420194
        ],
        "tags.barrier": "fence",
        "tags.frequency": null,
        "tags.location": "outdoor",
        "tags.name": "Poste 120kV de Luena",
        "tags.operator": null,
        "tags.power": "substation",
        "tags.substation": "transmission",
        "tags.voltage": "120000",
        "other_tags": null
      },
      "geometry": {
        "type": "Polygon",
        "coordinates": [
          [
            [
              25.7802308,
              -9.4526339
            ],
            [
              25.7803141,
              -9.4526845
            ],
            [
              25.7806774,
              -9.4529052
            ],
            [
              25.7808042,
              -9.4527021
            ],
            [
              25.780969,
              -9.4528023
            ],
            [
              25.7811952,
              -9.4524398
            ],
            [
              25.7805839,
              -9.4520684
            ],
            [
              25.7802308,
              -9.4526339
            ]
          ]
        ]
      }
    },
    {
      "type": "Feature",
      "properties": {
        "id": 396937856,
        "Type": "area",
        "Region": "CD",
        "refs": [
          3997760968,
          3997760977,
          3997760983,
          3997760982,
          3997760973,
          3997760968
        ],
        "tags.barrier": null,
        "tags.frequency": null,
        "tags.location": null,
        "tags.name": null,
        "tags.operator": "Société Nationale d'Electricité SNEL",
        "tags.power": "substation",
        "tags.substation": "distribution",
        "tags.voltage": "33000",
        "other_tags": null
      },
      "geometry": {
        "type": "Polygon",
        "coordinates": [
          [
            [
              14.86228,
              -5.2592386
            ],
            [
              14.86246,
              -5.2596221
            ],
            [
              14.86203059999992,
              -5.2598014
            ],
            [
              14.861872699999921,
              -5.2597969
            ],
            [
              14.861736899999919,
              -5.2594604
            ],
            [
              14.86228,
              -5.2592386
            ]
          ]
        ]
      }
    },
    {
      "type": "Feature",
      "properties": {
        "id": 408678794,
        "Type": "area",
        "Region": "CD",
        "refs": [
          4105813245,
          4105813248,
          4105813251,
          4105813258,
          5241746615,
          4105813259,
          4105813256,
          10173150478,
          4105813257,
          10173150477,
          4105813255,
          10173150475,
          10173150476,
          4105813253,
          4105813246,
          4105813245
        ],
        "tags.barrier": null,
        "tags.frequency": null,
        "tags.location": null,
        "tags.name": "Poste 220kV de Fungurume",
        "tags.operator": null,
        "tags.power": "substation",
        "tags.substation": "transmission",
        "tags.voltage": "220000",
        "other_tags": null
      },
      "geometry": {
        "type": "Polygon",
        "coordinates": [
          [
            [
              26.323467599999983,
              -10.57963389999995
            ],
            [
              26.323162399999983,
              -10.580849499999948
            ],
            [
              26.324161599999982,
              -10.581092
            ],
            [
              26.32405139999998,
              -10.58153049999995
            ],
            [
              26.324336699999936,
              -10.5815997
            ],
            [
              26.32451869999998,
              -10.58164389999995
            ],
            [
              26.32448009999998,
              -10.581899499999949
            ],
            [
              26.32466129999992,
              -10.581939200000013
            ],
            [
              26.32473779999998,
              -10.58159129999995
            ],
            [
              26.32493039999992,
              -10.581631700000013
            ],
            [
              26.325009,
              -10.58129349999995
            ],
            [
              26.324882,
              -10.581261200000013
            ],
            [
              26.32478779999992,
              -10.581348
            ],
            [
              26.32462879999998,
              -10.58130459999995
            ],
            [
              26.324942199999985,
              -10.579991799999949
            ],
            [
              26.323467599999983,
              -10.57963389999995
            ]
          ]
        ]
      }
    },
    {
      "type": "Feature",
      "properties": {
        "id": 411180813,
        "Type": "area",
        "Region": "CD",
        "refs": [
          4129050205,
          11443067357,
          4129050207,
          4129050215,
          11443067345,
          4129050212,
          11443067344,
          4129050205
        ],
        "tags.barrier": "fence",
        "tags.frequency": null,
        "tags.location": "outdoor",
        "tags.name": "Poste 220kV de Kwilu",
        "tags.operator": null,
        "tags.power": "substation",
        "tags.substation": "transmission",
        "tags.voltage": "220000",
        "other_tags": null
      },
      "geometry": {
        "type": "Polygon",
        "coordinates": [
          [
            [
              14.254411099999954,
              -5.618647499999973
            ],
            [
              14.253921500000097,
              -5.6188239
            ],
            [
              14.252707199999955,
              -5.619261599999973
            ],
            [
              14.253326399999956,
              -5.620963199999972
            ],
            [
              14.254421200000097,
              -5.6205687
            ],
            [
              14.254049299999956,
              -5.619546699999972
            ],
            [
              14.254658400000098,
              -5.6193271
            ],
            [
              14.254411099999954,
              -5.618647499999973
            ]
          ]
        ]
      }
    },
    {
      "type": "Feature",
      "properties": {
        "id": 450423641,
        "Type": "area",
        "Region": "CD",
        "refs": [
          4473436370,
          4473436371,
          4473436378,
          4473436372,
          4473436373,
          4473436370
        ],
        "tags.barrier": null,
        "tags.frequency": null,
        "tags.location": null,
        "tags.name": "V.Fungurume",
        "tags.operator": null,
        "tags.power": "substation",
        "tags.substation": "transmission",
        "tags.voltage": "220000",
        "other_tags": null
      },
      "geometry": {
        "type": "Polygon",
        "coordinates": [
          [
            [
              26.323005,
              -10.5788219
            ],
            [
              26.32358679999993,
              -10.5787658
            ],
            [
              26.323594399999926,
              -10.5788422
            ],
            [
              26.32361279999993,
              -10.5790266
            ],
            [
              26.323031,
              -10.5790827
            ],
            [
              26.323005,
              -10.5788219
            ]
          ]
        ]
      }
    },
    {
      "type": "Feature",
      "properties": {
        "id": 452436594,
        "Type": "area",
        "Region": "CD",
        "refs": [
          4492326686,
          4492326685,
          4492326687,
          4492326688,
          4492327189,
          4492326686
        ],
        "tags.barrier": null,
        "tags.frequency": null,
        "tags.location": "outdoor",
        "tags.name": "Poste 220kV de TFM Katebala",
        "tags.operator": null,
        "tags.power": "substation",
        "tags.substation": "transmission",
        "tags.voltage": "220000",
        "other_tags": null
      },
      "geometry": {
        "type": "Polygon",
        "coordinates": [
          [
            [
              26.197943500000054,
              -10.571308700000028
            ],
            [
              26.198104500000053,
              -10.571637300000027
            ],
            [
              26.198281600000055,
              -10.571998700000028
            ],
            [
              26.197635600000055,
              -10.572289800000028
            ],
            [
              26.197309200000056,
              -10.57159520000003
            ],
            [
              26.197943500000054,
              -10.571308700000028
            ]
          ]
        ]
      }
    },
    {
      "type": "Feature",
      "properties": {
        "id": 456237751,
        "Type": "area",
        "Region": "CD",
        "refs": [
          4525157035,
          4525157033,
          4525157036,
          4525157037,
          4525157035
        ],
        "tags.barrier": null,
        "tags.frequency": 50.0,
        "tags.location": "outdoor",
        "tags.name": "Poste 120kV de Kisanfu",
        "tags.operator": "SNEL",
        "tags.power": "substation",
        "tags.substation": "transmission",
        "tags.voltage": "120000",
        "other_tags": null
      },
      "geometry": {
        "type": "Polygon",
        "coordinates": [
          [
            [
              25.936423,
              -10.689492099999988
            ],
            [
              25.9368993,
              -10.689222499999989
            ],
            [
              25.9371681,
              -10.689680899999988
            ],
            [
              25.9366918,
              -10.689950499999988
            ],
            [
              25.936423,
              -10.689492099999988
            ]
          ]
        ]
      }
    },
    {
      "type": "Feature",
      "properties": {
        "id": 460419488,
        "Type": "area",
        "Region": "CD",
        "refs": [
          4560898356,
          6194818274,
          4560898354,
          7264482959,
          4560898353,
          4560898356
        ],
        "tags.barrier": "fence",
        "tags.frequency": null,
        "tags.location": "outdoor",
        "tags.name": "Kikwit",
        "tags.operator": null,
        "tags.power": "substation",
        "tags.substation": "transmission",
        "tags.voltage": "132000",
        "other_tags": null
      },
      "geometry": {
        "type": "Polygon",
        "coordinates": [
          [
            [
              18.785096,
              -5.110393399999974
            ],
            [
              18.78486660000004,
              -5.1111883
            ],
            [
              18.785481699999988,
              -5.111364399999974
            ],
            [
              18.785549100000015,
              -5.1111309
            ],
            [
              18.785711099999986,
              -5.110569499999974
            ],
            [
              18.785096,
              -5.110393399999974
            ]
          ]
        ]
      }
    },
    {
      "type": "Feature",
      "properties": {
        "id": 476917124,
        "Type": "area",
        "Region": "CD",
        "refs": [
          4703370200,
          4703370199,
          4703370198,
          4703370197,
          4703370200
        ],
        "tags.barrier": null,
        "tags.frequency": null,
        "tags.location": null,
        "tags.name": "sous-station snel",
        "tags.operator": null,
        "tags.power": "substation",
        "tags.substation": "distribution",
        "tags.voltage": "33000",
        "other_tags": null
      },
      "geometry": {
        "type": "Polygon",
        "coordinates": [
          [
            [
              17.37400150000003,
              -3.307600800000029
            ],
            [
              17.37409960000003,
              -3.307626800000029
            ],
            [
              17.37407040000003,
              -3.307736800000029
            ],
            [
              17.37397230000003,
              -3.307710800000029
            ],
            [
              17.37400150000003,
              -3.307600800000029
            ]
          ]
        ]
      }
    },
    {
      "type": "Feature",
      "properties": {
        "id": 485951717,
        "Type": "area",
        "Region": "CD",
        "refs": [
          4787076364,
          4787076363,
          4787076362,
          4787076361,
          4787076364
        ],
        "tags.barrier": "fence",
        "tags.frequency": null,
        "tags.location": "outdoor",
        "tags.name": null,
        "tags.operator": null,
        "tags.power": "substation",
        "tags.substation": "transmission",
        "tags.voltage": "132000",
        "other_tags": null
      },
      "geometry": {
        "type": "Polygon",
        "coordinates": [
          [
            [
              13.453612600000076,
              -5.590796400000012
            ],
            [
              13.453624600000076,
              -5.591110100000012
            ],
            [
              13.454217400000076,
              -5.591066100000012
            ],
            [
              13.454193300000076,
              -5.590749700000012
            ],
            [
              13.453612600000076,
              -5.590796400000012
            ]
          ]
        ]
      }
    },
    {
      "type": "Feature",
      "properties": {
        "id": 488346101,
        "Type": "area",
        "Region": "CD",
        "refs": [
          4806599405,
          4806599404,
          4806599403,
          4806599402,
          4806599405
        ],
        "tags.barrier": null,
        "tags.frequency": null,
        "tags.location": null,
        "tags.name": null,
        "tags.operator": null,
        "tags.power": "substation",
        "tags.substation": "transmission",
        "tags.voltage": "132000",
        "other_tags": null
      },
      "geometry": {
        "type": "Polygon",
        "coordinates": [
          [
            [
              15.2530707,
              -4.3598176
            ],
            [
              15.2532762,
              -4.35980190000001
            ],
            [
              15.2532899,
              -4.35998080000001
            ],
            [
              15.2530845,
              -4.3599965
            ],
            [
              15.2530707,
              -4.3598176
            ]
          ]
        ]
      }
    },
    {
      "type": "Feature",
      "properties": {
        "id": 520785837,
        "Type": "area",
        "Region": "CD",
        "refs": [
          5075278719,
          5075278718,
          5075278717,
          5075278716,
          5075278719
        ],
        "tags.barrier": null,
        "tags.frequency": null,
        "tags.location": null,
        "tags.name": null,
        "tags.operator": null,
        "tags.power": "substation",
        "tags.substation": "minor_distribution",
        "tags.voltage": "33000",
        "other_tags": {
          "tags.building": "yes"
        }
      },
      "geometry": {
        "type": "Polygon",
        "coordinates": [
          [
            [
              15.307872399999983,
              -4.4395903
            ],
            [
              15.307927499999984,
              -4.4396264
            ],
            [
              15.307901499999984,
              -4.4396656
            ],
            [
              15.307846499999984,
              -4.4396296
            ],
            [
              15.307872399999983,
              -4.4395903
            ]
          ]
        ]
      }
    },
    {
      "type": "Feature",
      "properties": {
        "id": 556215938,
        "Type": "area",
        "Region": "CD",
        "refs": [
          5365531613,
          5365531614,
          5365531615,
          5365531616,
          5365531613
        ],
        "tags.barrier": null,
        "tags.frequency": null,
        "tags.location": null,
        "tags.name": "Mwense Substation",
        "tags.operator": "ZESCO",
        "tags.power": "substation",
        "tags.substation": "distribution",
        "tags.voltage": "33000",
        "other_tags": {
          "tags.operator:wikidata": "Q8063035"
        }
      },
      "geometry": {
        "type": "Polygon",
        "coordinates": [
          [
            [
              28.697561899999926,
              -10.3853243
            ],
            [
              28.697825899999927,
              -10.3852888
            ],
            [
              28.697871699999926,
              -10.3856185
            ],
            [
              28.697607699999924,
              -10.385654
            ],
            [
              28.697561899999926,
              -10.3853243
            ]
          ]
        ]
      }
    },
    {
      "type": "Feature",
      "properties": {
        "id": 563694197,
        "Type": "area",
        "Region": "CD",
        "refs": [
          5431898249,
          5431898248,
          10832410667,
          10832410668,
          10832410669,
          10832410670,
          5431898247,
          5431898246,
          5431898249
        ],
        "tags.barrier": null,
        "tags.frequency": null,
        "tags.location": null,
        "tags.name": "Frontier",
        "tags.operator": null,
        "tags.power": "substation",
        "tags.substation": "transmission",
        "tags.voltage": "220000",
        "other_tags": null
      },
      "geometry": {
        "type": "Polygon",
        "coordinates": [
          [
            [
              28.478396899999918,
              -12.75331510000002
            ],
            [
              28.479498199999917,
              -12.75175290000002
            ],
            [
              28.4797181,
              -12.7519087
            ],
            [
              28.4798989,
              -12.7516795
            ],
            [
              28.4804982,
              -12.7522463
            ],
            [
              28.4803828,
              -12.7523751
            ],
            [
              28.480644899999916,
              -12.75258520000002
            ],
            [
              28.479529,
              -12.75407420000002
            ],
            [
              28.478396899999918,
              -12.75331510000002
            ]
          ]
        ]
      }
    },
    {
      "type": "Feature",
      "properties": {
        "id": 596546878,
        "Type": "area",
        "Region": "CD",
        "refs": [
          5682436351,
          5682436350,
          5682436349,
          5682436348,
          5682436351
        ],
        "tags.barrier": null,
        "tags.frequency": null,
        "tags.location": null,
        "tags.name": "Cabine Electrique",
        "tags.operator": null,
        "tags.power": "substation",
        "tags.substation": "transmission",
        "tags.voltage": "132000",
        "other_tags": {
          "tags.building:material": "brick",
          "tags.addr:street": "Bantandu",
          "tags.building": "yes",
          "tags.addr:city": "kinshasa"
        }
      },
      "geometry": {
        "type": "Polygon",
        "coordinates": [
          [
            [
              15.354533500000034,
              -4.4111928
            ],
            [
              15.354564300000034,
              -4.4111914
            ],
            [
              15.354565500000033,
              -4.411217
            ],
            [
              15.354534600000033,
              -4.4112183
            ],
            [
              15.354533500000034,
              -4.4111928
            ]
          ]
        ]
      }
    },
    {
      "type": "Feature",
      "properties": {
        "id": 620941395,
        "Type": "area",
        "Region": "CD",
        "refs": [
          5866181809,
          5866181808,
          5866181807,
          5866181806,
          5866181809
        ],
        "tags.barrier": null,
        "tags.frequency": null,
        "tags.location": null,
        "tags.name": "Cabine électrique",
        "tags.operator": null,
        "tags.power": "substation",
        "tags.substation": "transmission",
        "tags.voltage": "132000",
        "other_tags": {
          "tags.building:levels": "1",
          "tags.building:material": "metal",
          "tags.addr:street": "Makanga",
          "tags.building": "yes",
          "tags.addr:city": "Kinshasa",
          "tags.building:condition": "average"
        }
      },
      "geometry": {
        "type": "Polygon",
        "coordinates": [
          [
            [
              15.340124299999747,
              -4.401687699999977
            ],
            [
              15.340062699999747,
              -4.401732
            ],
            [
              15.340041299999747,
              -4.401702399999976
            ],
            [
              15.340102899999748,
              -4.401658099999977
            ],
            [
              15.340124299999747,
              -4.401687699999977
            ]
          ]
        ]
      }
    },
    {
      "type": "Feature",
      "properties": {
        "id": 627378861,
        "Type": "area",
        "Region": "CD",
        "refs": [
          5922455893,
          5922455894,
          5922455895,
          5922455896,
          5922455897,
          5922455893
        ],
        "tags.barrier": null,
        "tags.frequency": null,
        "tags.location": null,
        "tags.name": null,
        "tags.operator": null,
        "tags.power": "substation",
        "tags.substation": "transmission",
        "tags.voltage": "132000",
        "other_tags": null
      },
      "geometry": {
        "type": "Polygon",
        "coordinates": [
          [
            [
              28.90240980000002,
              -2.6329709
            ],
            [
              28.902254700000018,
              -2.6330809
            ],
            [
              28.902368300000017,
              -2.633258
            ],
            [
              28.902575,
              -2.6331116
            ],
            [
              28.902498300000016,
              -2.6330741
            ],
            [
              28.90240980000002,
              -2.6329709
            ]
          ]
        ]
      }
    },
    {
      "type": "Feature",
      "properties": {
        "id": 660580851,
        "Type": "area",
        "Region": "CD",
        "refs": [
          6184747763,
          6184747762,
          6184747761,
          6184747760,
          6184747763
        ],
        "tags.barrier": null,
        "tags.frequency": null,
        "tags.location": null,
        "tags.name": null,
        "tags.operator": null,
        "tags.power": "substation",
        "tags.substation": "transmission",
        "tags.voltage": "120000",
        "other_tags": null
      },
      "geometry": {
        "type": "Polygon",
        "coordinates": [
          [
            [
              25.400241,
              -10.677145
            ],
            [
              25.400039499999977,
              -10.6773633
            ],
            [
              25.400396699999977,
              -10.6776818
            ],
            [
              25.400598299999977,
              -10.6774635
            ],
            [
              25.400241,
              -10.677145
            ]
          ]
        ]
      }
    },
    {
      "type": "Feature",
      "properties": {
        "id": 661218764,
        "Type": "area",
        "Region": "CD",
        "refs": [
          6190436517,
          6190436516,
          6190436515,
          6190436514,
          6190436513,
          6190436512,
          6190436517
        ],
        "tags.barrier": null,
        "tags.frequency": null,
        "tags.location": "outdoor",
        "tags.name": null,
        "tags.operator": null,
        "tags.power": "substation",
        "tags.substation": "transmission",
        "tags.voltage": "220000",
        "other_tags": null
      },
      "geometry": {
        "type": "Polygon",
        "coordinates": [
          [
            [
              15.2899539,
              -4.3811468
            ],
            [
              15.290143,
              -4.3805999
            ],
            [
              15.2910268,
              -4.380866
            ],
            [
              15.2908015,
              -4.3815426
            ],
            [
              15.2901028,
              -4.3813113
            ],
            [
              15.2901388,
              -4.3812069
            ],
            [
              15.2899539,
              -4.3811468
            ]
          ]
        ]
      }
    },
    {
      "type": "Feature",
      "properties": {
        "id": 661524366,
        "Type": "area",
        "Region": "CD",
        "refs": [
          6193020073,
          6193020071,
          6193020070,
          6193020072,
          6193020073
        ],
        "tags.barrier": null,
        "tags.frequency": null,
        "tags.location": "outdoor",
        "tags.name": null,
        "tags.operator": null,
        "tags.power": "substation",
        "tags.substation": "transmission",
        "tags.voltage": "120000",
        "other_tags": null
      },
      "geometry": {
        "type": "Polygon",
        "coordinates": [
          [
            [
              25.395893899999912,
              -10.6757087
            ],
            [
              25.396213099999912,
              -10.6759961
            ],
            [
              25.396506799999912,
              -10.6756812
            ],
            [
              25.396187599999912,
              -10.6753938
            ],
            [
              25.395893899999912,
              -10.6757087
            ]
          ]
        ]
      }
    },
    {
      "type": "Feature",
      "properties": {
        "id": 661524368,
        "Type": "area",
        "Region": "CD",
        "refs": [
          6193020084,
          6193020083,
          6193020082,
          6193020081,
          6193020080,
          6193020079,
          11076698014,
          11076698013,
          10732426755,
          6193020078,
          10732426756,
          10732426757,
          6193020077,
          6193020084
        ],
        "tags.barrier": "fence",
        "tags.frequency": null,
        "tags.location": "outdoor",
        "tags.name": "Poste 220kV de Kapata (Sicomines)",
        "tags.operator": null,
        "tags.power": "substation",
        "tags.substation": "transmission",
        "tags.voltage": "220000",
        "other_tags": null
      },
      "geometry": {
        "type": "Polygon",
        "coordinates": [
          [
            [
              25.36708559999991,
              -10.7185768
            ],
            [
              25.36888539999991,
              -10.7196757
            ],
            [
              25.36889079999991,
              -10.7201237
            ],
            [
              25.36870029999991,
              -10.7201237
            ],
            [
              25.36870029999991,
              -10.7202054
            ],
            [
              25.368217599999912,
              -10.7202054
            ],
            [
              25.36821479999997,
              -10.720044599999968
            ],
            [
              25.367069499999968,
              -10.720055199999967
            ],
            [
              25.36707220000007,
              -10.720089399999951
            ],
            [
              25.366790599999913,
              -10.7200815
            ],
            [
              25.36679860000007,
              -10.71978109999995
            ],
            [
              25.36671280000007,
              -10.719791599999951
            ],
            [
              25.36671809999991,
              -10.7191143
            ],
            [
              25.36708559999991,
              -10.7185768
            ]
          ]
        ]
      }
    },
    {
      "type": "Feature",
      "properties": {
        "id": 661608059,
        "Type": "area",
        "Region": "CD",
        "refs": [
          6193776435,
          6193776433,
          6193776432,
          6193776434,
          6193776435
        ],
        "tags.barrier": null,
        "tags.frequency": null,
        "tags.location": "outdoor",
        "tags.name": null,
        "tags.operator": null,
        "tags.power": "substation",
        "tags.substation": "transmission",
        "tags.voltage": "120000",
        "other_tags": null
      },
      "geometry": {
        "type": "Polygon",
        "coordinates": [
          [
            [
              25.954744200000025,
              -9.9183319
            ],
            [
              25.955219800000027,
              -9.918494
            ],
            [
              25.954975700000027,
              -9.9191888
            ],
            [
              25.954500100000025,
              -9.9190267
            ],
            [
              25.954744200000025,
              -9.9183319
            ]
          ]
        ]
      }
    },
    {
      "type": "Feature",
      "properties": {
        "id": 661608064,
        "Type": "area",
        "Region": "CD",
        "refs": [
          6193776975,
          6193776973,
          6193776972,
          6193776974,
          6193776975
        ],
        "tags.barrier": null,
        "tags.frequency": 50.0,
        "tags.location": "outdoor",
        "tags.name": "Poste 120kV de MKM",
        "tags.operator": "SNEL",
        "tags.power": "substation",
        "tags.substation": "transmission",
        "tags.voltage": "120000",
        "other_tags": null
      },
      "geometry": {
        "type": "Polygon",
        "coordinates": [
          [
            [
              25.92232170000003,
              -10.7744317
            ],
            [
              25.92232170000003,
              -10.7750496
            ],
            [
              25.922893,
              -10.7750496
            ],
            [
              25.922893,
              -10.7744317
            ],
            [
              25.92232170000003,
              -10.7744317
            ]
          ]
        ]
      }
    },
    {
      "type": "Feature",
      "properties": {
        "id": 661678464,
        "Type": "area",
        "Region": "CD",
        "refs": [
          6194579821,
          6194579820,
          6194579819,
          6194579818,
          6194579817,
          6194579821
        ],
        "tags.barrier": null,
        "tags.frequency": null,
        "tags.location": null,
        "tags.name": null,
        "tags.operator": null,
        "tags.power": "substation",
        "tags.substation": "transmission",
        "tags.voltage": "120000",
        "other_tags": null
      },
      "geometry": {
        "type": "Polygon",
        "coordinates": [
          [
            [
              25.396160800000043,
              -10.6977721
            ],
            [
              25.395932800000043,
              -10.6981305
            ],
            [
              25.396222500000043,
              -10.6983335
            ],
            [
              25.396386100000043,
              -10.6981015
            ],
            [
              25.39637,
              -10.6979434
            ],
            [
              25.396160800000043,
              -10.6977721
            ]
          ]
        ]
      }
    },
    {
      "type": "Feature",
      "properties": {
        "id": 661679363,
        "Type": "area",
        "Region": "CD",
        "refs": [
          6194590308,
          6194590307,
          6194590306,
          6194590305,
          6194590308
        ],
        "tags.barrier": null,
        "tags.frequency": null,
        "tags.location": null,
        "tags.name": null,
        "tags.operator": null,
        "tags.power": "substation",
        "tags.substation": "transmission",
        "tags.voltage": "120000",
        "other_tags": null
      },
      "geometry": {
        "type": "Polygon",
        "coordinates": [
          [
            [
              25.387965900000044,
              -10.7239766
            ],
            [
              25.387963300000045,
              -10.724559
            ],
            [
              25.388986600000045,
              -10.7245736
            ],
            [
              25.388967700000045,
              -10.7239767
            ],
            [
              25.387965900000044,
              -10.7239766
            ]
          ]
        ]
      }
    },
    {
      "type": "Feature",
      "properties": {
        "id": 661833672,
        "Type": "area",
        "Region": "CD",
        "refs": [
          6196152837,
          6196152841,
          6196152840,
          6196152839,
          6196152838,
          6196152837
        ],
        "tags.barrier": null,
        "tags.frequency": null,
        "tags.location": "outdoor",
        "tags.name": null,
        "tags.operator": null,
        "tags.power": "substation",
        "tags.substation": "transmission",
        "tags.voltage": "120000",
        "other_tags": null
      },
      "geometry": {
        "type": "Polygon",
        "coordinates": [
          [
            [
              26.70776859999996,
              -11.0002929
            ],
            [
              26.70759469999996,
              -11.0002227
            ],
            [
              26.70767109999996,
              -11.000037
            ],
            [
              26.70785219999996,
              -11.0001134
            ],
            [
              26.70788169999996,
              -11.0002727
            ],
            [
              26.70776859999996,
              -11.0002929
            ]
          ]
        ]
      }
    },
    {
      "type": "Feature",
      "properties": {
        "id": 661833674,
        "Type": "area",
        "Region": "CD",
        "refs": [
          6196152854,
          6196152853,
          6196152852,
          6196152851,
          6196152850,
          6196152849,
          6196152848,
          6196152847,
          6196152846,
          6196152854
        ],
        "tags.barrier": "fence",
        "tags.frequency": null,
        "tags.location": "outdoor",
        "tags.name": "Poste 120kV de Kambove (Gecamines)",
        "tags.operator": null,
        "tags.power": "substation",
        "tags.substation": "transmission",
        "tags.voltage": "120000",
        "other_tags": null
      },
      "geometry": {
        "type": "Polygon",
        "coordinates": [
          [
            [
              26.59773149999996,
              -10.880965200000011
            ],
            [
              26.59860979999996,
              -10.881709300000011
            ],
            [
              26.598847399999958,
              -10.88145
            ],
            [
              26.59893539999996,
              -10.881522600000011
            ],
            [
              26.599309799999958,
              -10.88109070000001
            ],
            [
              26.59879089999996,
              -10.88066230000001
            ],
            [
              26.59869159999996,
              -10.8806715
            ],
            [
              26.59832549999996,
              -10.8803699
            ],
            [
              26.59815919999996,
              -10.8804476
            ],
            [
              26.59773149999996,
              -10.880965200000011
            ]
          ]
        ]
      }
    },
    {
      "type": "Feature",
      "properties": {
        "id": 661833675,
        "Type": "area",
        "Region": "CD",
        "refs": [
          6196152863,
          6196152862,
          6196152861,
          6196152860,
          6196152859,
          6196152863
        ],
        "tags.barrier": null,
        "tags.frequency": null,
        "tags.location": "outdoor",
        "tags.name": "MIKAS",
        "tags.operator": null,
        "tags.power": "substation",
        "tags.substation": "transmission",
        "tags.voltage": "120000",
        "other_tags": null
      },
      "geometry": {
        "type": "Polygon",
        "coordinates": [
          [
            [
              26.62083159999996,
              -10.890452200000013
            ],
            [
              26.62132009999996,
              -10.890305200000013
            ],
            [
              26.62120069999996,
              -10.889920500000013
            ],
            [
              26.62102369999996,
              -10.889962100000012
            ],
            [
              26.620728,
              -10.890057200000012
            ],
            [
              26.62083159999996,
              -10.890452200000013
            ]
          ]
        ]
      }
    },
    {
      "type": "Feature",
      "properties": {
        "id": 661870699,
        "Type": "area",
        "Region": "CD",
        "refs": [
          10173615771,
          10173615770,
          6196566568,
          10173615768,
          10173615771
        ],
        "tags.barrier": null,
        "tags.frequency": null,
        "tags.location": "outdoor",
        "tags.name": null,
        "tags.operator": null,
        "tags.power": "substation",
        "tags.substation": "transmission",
        "tags.voltage": "120000",
        "other_tags": null
      },
      "geometry": {
        "type": "Polygon",
        "coordinates": [
          [
            [
              27.48739540000002,
              -11.5825852
            ],
            [
              27.48715990000002,
              -11.5822488
            ],
            [
              27.487573,
              -11.58194
            ],
            [
              27.48781670000002,
              -11.5822399
            ],
            [
              27.48739540000002,
              -11.5825852
            ]
          ]
        ]
      }
    },
    {
      "type": "Feature",
      "properties": {
        "id": 661881659,
        "Type": "area",
        "Region": "CD",
        "refs": [
          6196675612,
          6196675610,
          6196675609,
          6196675611,
          6196675612
        ],
        "tags.barrier": null,
        "tags.frequency": null,
        "tags.location": "outdoor",
        "tags.name": null,
        "tags.operator": null,
        "tags.power": "substation",
        "tags.substation": "transmission",
        "tags.voltage": "132000",
        "other_tags": null
      },
      "geometry": {
        "type": "Polygon",
        "coordinates": [
          [
            [
              28.929281800000037,
              -5.0434329
            ],
            [
              28.92931840000004,
              -5.0436201
            ],
            [
              28.929828100000037,
              -5.0435213
            ],
            [
              28.92979140000004,
              -5.043334
            ],
            [
              28.929281800000037,
              -5.0434329
            ]
          ]
        ]
      }
    },
    {
      "type": "Feature",
      "properties": {
        "id": 688566945,
        "Type": "area",
        "Region": "CD",
        "refs": [
          6457285717,
          6457285716,
          6457285715,
          6457285714,
          10938410607,
          6457285717
        ],
        "tags.barrier": "fence",
        "tags.frequency": 50.0,
        "tags.location": "outdoor",
        "tags.name": "New Western Distributor (NRO)",
        "tags.operator": "SNEL",
        "tags.power": "substation",
        "tags.substation": "transmission",
        "tags.voltage": "220000",
        "other_tags": {
          "tags.name:fr": "Nouveau Répartiteur Ouest (NRO)"
        }
      },
      "geometry": {
        "type": "Polygon",
        "coordinates": [
          [
            [
              25.36530280000002,
              -10.693424300000013
            ],
            [
              25.36550890000002,
              -10.692316600000012
            ],
            [
              25.36368260000002,
              -10.691988600000013
            ],
            [
              25.36347660000002,
              -10.693096300000013
            ],
            [
              25.365083900000045,
              -10.693385
            ],
            [
              25.36530280000002,
              -10.693424300000013
            ]
          ]
        ]
      }
    },
    {
      "type": "Feature",
      "properties": {
        "id": 689060298,
        "Type": "area",
        "Region": "CD",
        "refs": [
          6463636920,
          6463637827,
          6463636926,
          6463637828,
          6463636920
        ],
        "tags.barrier": null,
        "tags.frequency": 50.0,
        "tags.location": "outdoor",
        "tags.name": "120kV Kansoko Substation",
        "tags.operator": "KAMOA Copper SA",
        "tags.power": "substation",
        "tags.substation": "transmission",
        "tags.voltage": "120000",
        "other_tags": {
          "tags.rating": "15 MVA"
        }
      },
      "geometry": {
        "type": "Polygon",
        "coordinates": [
          [
            [
              25.239679199999927,
              -10.8114507
            ],
            [
              25.240042299999928,
              -10.811407
            ],
            [
              25.240086,
              -10.8116734
            ],
            [
              25.239714199999927,
              -10.8117153
            ],
            [
              25.239679199999927,
              -10.8114507
            ]
          ]
        ]
      }
    },
    {
      "type": "Feature",
      "properties": {
        "id": 691047695,
        "Type": "area",
        "Region": "CD",
        "refs": [
          6483951221,
          6483951218,
          6483951219,
          6483951220,
          6483951221
        ],
        "tags.barrier": null,
        "tags.frequency": 50.0,
        "tags.location": "outdoor",
        "tags.name": null,
        "tags.operator": null,
        "tags.power": "substation",
        "tags.substation": "distribution",
        "tags.voltage": "33000",
        "other_tags": null
      },
      "geometry": {
        "type": "Polygon",
        "coordinates": [
          [
            [
              25.38827310000002,
              -10.722392099999988
            ],
            [
              25.388274,
              -10.722216299999989
            ],
            [
              25.38853280000002,
              -10.722217599999988
            ],
            [
              25.38853190000002,
              -10.722393399999987
            ],
            [
              25.38827310000002,
              -10.722392099999988
            ]
          ]
        ]
      }
    },
    {
      "type": "Feature",
      "properties": {
        "id": 694315959,
        "Type": "area",
        "Region": "CD",
        "refs": [
          6518684994,
          6518684993,
          6518684992,
          6518684991,
          6518684990,
          6518684989,
          6518684988,
          6518684987,
          6518684994
        ],
        "tags.barrier": null,
        "tags.frequency": null,
        "tags.location": "outdoor",
        "tags.name": null,
        "tags.operator": null,
        "tags.power": "substation",
        "tags.substation": "transmission",
        "tags.voltage": "220000",
        "other_tags": null
      },
      "geometry": {
        "type": "Polygon",
        "coordinates": [
          [
            [
              15.2795517,
              -4.3465798
            ],
            [
              15.2806547,
              -4.3464875
            ],
            [
              15.2805877,
              -4.3455742
            ],
            [
              15.279323,
              -4.3456651
            ],
            [
              15.2793512,
              -4.3460703
            ],
            [
              15.2792653,
              -4.3460743
            ],
            [
              15.2793016,
              -4.3464246
            ],
            [
              15.2794719,
              -4.3464099
            ],
            [
              15.2795517,
              -4.3465798
            ]
          ]
        ]
      }
    },
    {
      "type": "Feature",
      "properties": {
        "id": 708207757,
        "Type": "area",
        "Region": "CD",
        "refs": [
          6654644421,
          6654647016,
          6654670115,
          6654670317,
          9770480837,
          9770480836,
          6654644421
        ],
        "tags.barrier": "fence",
        "tags.frequency": null,
        "tags.location": null,
        "tags.name": "Poste de sectionnement HT de Lunga-Vasa",
        "tags.operator": null,
        "tags.power": "substation",
        "tags.substation": "transmission",
        "tags.voltage": "132000",
        "other_tags": {
          "tags.landuse": "industrial",
          "tags.fence_type": "metal",
          "tags.height": "3"
        }
      },
      "geometry": {
        "type": "Polygon",
        "coordinates": [
          [
            [
              13.0746701,
              -5.7322035
            ],
            [
              13.074424,
              -5.7324049
            ],
            [
              13.073965700000013,
              -5.7317964
            ],
            [
              13.074210400000014,
              -5.731617
            ],
            [
              13.074261,
              -5.7315777
            ],
            [
              13.0747207,
              -5.7321642
            ],
            [
              13.0746701,
              -5.7322035
            ]
          ]
        ]
      }
    },
    {
      "type": "Feature",
      "properties": {
        "id": 734793385,
        "Type": "area",
        "Region": "CD",
        "refs": [
          6881526225,
          6881526222,
          11086298792,
          11086298793,
          6881526223,
          11086298791,
          11086298794,
          11086298795,
          11086298796,
          6881526224,
          6881526225
        ],
        "tags.barrier": "fence",
        "tags.frequency": null,
        "tags.location": null,
        "tags.name": "Poste 120kV de Kipushi",
        "tags.operator": null,
        "tags.power": "substation",
        "tags.substation": "transmission",
        "tags.voltage": "120000",
        "other_tags": null
      },
      "geometry": {
        "type": "Polygon",
        "coordinates": [
          [
            [
              27.2409956,
              -11.7644869
            ],
            [
              27.2410264,
              -11.7651689
            ],
            [
              27.2406404,
              -11.7651856
            ],
            [
              27.2406478,
              -11.7653505
            ],
            [
              27.2404282,
              -11.76536
            ],
            [
              27.240423,
              -11.765245
            ],
            [
              27.2402386,
              -11.765253
            ],
            [
              27.2402115,
              -11.7646534
            ],
            [
              27.2403923,
              -11.7646456
            ],
            [
              27.2403864,
              -11.7645133
            ],
            [
              27.2409956,
              -11.7644869
            ]
          ]
        ]
      }
    },
    {
      "type": "Feature",
      "properties": {
        "id": 734793387,
        "Type": "area",
        "Region": "CD",
        "refs": [
          6881526226,
          6881526231,
          6881526232,
          6881517445,
          6881517444,
          6881517443,
          6881517442,
          6881526229,
          6881526230,
          6881526228,
          6881526227,
          6881526226
        ],
        "tags.barrier": null,
        "tags.frequency": null,
        "tags.location": null,
        "tags.name": null,
        "tags.operator": null,
        "tags.power": "substation",
        "tags.substation": "transmission",
        "tags.voltage": "132000",
        "other_tags": {
          "tags.building": "yes"
        }
      },
      "geometry": {
        "type": "Polygon",
        "coordinates": [
          [
            [
              27.2403506,
              -11.7651608
            ],
            [
              27.2403539,
              -11.7652354
            ],
            [
              27.2402814,
              -11.7652384
            ],
            [
              27.24026059999999,
              -11.7647603
            ],
            [
              27.2402291,
              -11.7647616
            ],
            [
              27.24022779999999,
              -11.7647297
            ],
            [
              27.240259299999988,
              -11.7647284
            ],
            [
              27.2402572,
              -11.7646808
            ],
            [
              27.2403297,
              -11.7646778
            ],
            [
              27.2403892,
              -11.7646753
            ],
            [
              27.2404101,
              -11.7651584
            ],
            [
              27.2403506,
              -11.7651608
            ]
          ]
        ]
      }
    },
    {
      "type": "Feature",
      "properties": {
        "id": 778351013,
        "Type": "area",
        "Region": "CD",
        "refs": [
          7264496745,
          7264496744,
          7264496743,
          7264496742,
          7264496741,
          7264496745
        ],
        "tags.barrier": "fence",
        "tags.frequency": null,
        "tags.location": null,
        "tags.name": "Kamina",
        "tags.operator": null,
        "tags.power": "substation",
        "tags.substation": "transmission",
        "tags.voltage": "132000",
        "other_tags": null
      },
      "geometry": {
        "type": "Polygon",
        "coordinates": [
          [
            [
              24.8748952,
              -8.7457309
            ],
            [
              24.8744857,
              -8.7452481
            ],
            [
              24.8749327,
              -8.7448779
            ],
            [
              24.8751065,
              -8.7447339
            ],
            [
              24.8755158,
              -8.7452167
            ],
            [
              24.8748952,
              -8.7457309
            ]
          ]
        ]
      }
    },
    {
      "type": "Feature",
      "properties": {
        "id": 778351022,
        "Type": "area",
        "Region": "CD",
        "refs": [
          7264496795,
          7264496792,
          7264496793,
          7264496794,
          7264496795
        ],
        "tags.barrier": "fence",
        "tags.frequency": null,
        "tags.location": "outdoor",
        "tags.name": "Selo",
        "tags.operator": null,
        "tags.power": "substation",
        "tags.substation": "transmission",
        "tags.voltage": "132000",
        "other_tags": null
      },
      "geometry": {
        "type": "Polygon",
        "coordinates": [
          [
            [
              15.2943284,
              -4.7115837
            ],
            [
              15.2949073,
              -4.7113537
            ],
            [
              15.2952023,
              -4.7120915
            ],
            [
              15.2946234,
              -4.7123214
            ],
            [
              15.2943284,
              -4.7115837
            ]
          ]
        ]
      }
    },
    {
      "type": "Feature",
      "properties": {
        "id": 827141250,
        "Type": "area",
        "Region": "CD",
        "refs": [
          7722226248,
          7722226249,
          7722226250,
          7722226251,
          7722226248
        ],
        "tags.barrier": "fence",
        "tags.frequency": null,
        "tags.location": null,
        "tags.name": null,
        "tags.operator": null,
        "tags.power": "substation",
        "tags.substation": "transmission",
        "tags.voltage": "120000",
        "other_tags": null
      },
      "geometry": {
        "type": "Polygon",
        "coordinates": [
          [
            [
              25.410718600000013,
              -10.131936699999988
            ],
            [
              25.410549500000013,
              -10.132326399999988
            ],
            [
              25.411044800000013,
              -10.132534699999988
            ],
            [
              25.411213900000014,
              -10.132145099999988
            ],
            [
              25.410718600000013,
              -10.131936699999988
            ]
          ]
        ]
      }
    },
    {
      "type": "Feature",
      "properties": {
        "id": 832198801,
        "Type": "area",
        "Region": "CD",
        "refs": [
          7769710319,
          7769710324,
          7769710323,
          7769710322,
          7769710321,
          7769710318,
          7769710320,
          7769710317,
          7769710319
        ],
        "tags.barrier": "fence",
        "tags.frequency": null,
        "tags.location": null,
        "tags.name": null,
        "tags.operator": null,
        "tags.power": "substation",
        "tags.substation": "transmission",
        "tags.voltage": "132000",
        "other_tags": null
      },
      "geometry": {
        "type": "Polygon",
        "coordinates": [
          [
            [
              14.521986700000015,
              -5.5093222
            ],
            [
              14.52213,
              -5.5091133
            ],
            [
              14.522375500000015,
              -5.5092801
            ],
            [
              14.522180800000015,
              -5.5095639
            ],
            [
              14.521997300000015,
              -5.5094391
            ],
            [
              14.521990500000015,
              -5.509417
            ],
            [
              14.521985900000015,
              -5.5093943
            ],
            [
              14.521983400000016,
              -5.5093582
            ],
            [
              14.521986700000015,
              -5.5093222
            ]
          ]
        ]
      }
    },
    {
      "type": "Feature",
      "properties": {
        "id": 848901564,
        "Type": "area",
        "Region": "CD",
        "refs": [
          7920517826,
          7920517825,
          7920517824,
          7920517823,
          7920517822,
          7920517821,
          7920517820,
          7920517819,
          7920517826
        ],
        "tags.barrier": "fence",
        "tags.frequency": null,
        "tags.location": null,
        "tags.name": "Zongo I",
        "tags.operator": null,
        "tags.power": "substation",
        "tags.substation": "transmission",
        "tags.voltage": "132000",
        "other_tags": null
      },
      "geometry": {
        "type": "Polygon",
        "coordinates": [
          [
            [
              14.906114099999904,
              -4.782078400000011
            ],
            [
              14.906728099999905,
              -4.782413100000011
            ],
            [
              14.906426899999905,
              -4.782961900000011
            ],
            [
              14.906509599999906,
              -4.783007
            ],
            [
              14.906411799999905,
              -4.783185200000011
            ],
            [
              14.906321299999904,
              -4.783135800000011
            ],
            [
              14.906289299999905,
              -4.783194100000011
            ],
            [
              14.905683099999905,
              -4.782863600000011
            ],
            [
              14.906114099999904,
              -4.782078400000011
            ]
          ]
        ]
      }
    },
    {
      "type": "Feature",
      "properties": {
        "id": 848901565,
        "Type": "area",
        "Region": "CD",
        "refs": [
          2850959643,
          7920517830,
          7920517829,
          7920517828,
          7920517827,
          2850959643
        ],
        "tags.barrier": "fence",
        "tags.frequency": 50.0,
        "tags.location": "outdoor",
        "tags.name": "Poste 120kV de Katuba",
        "tags.operator": "SNEL",
        "tags.power": "substation",
        "tags.substation": "transmission",
        "tags.voltage": "120000",
        "other_tags": {
          "tags.fence_type": "concrete",
          "tags.height": "3"
        }
      },
      "geometry": {
        "type": "Polygon",
        "coordinates": [
          [
            [
              27.462835399999953,
              -11.7085947
            ],
            [
              27.462707599999906,
              -11.707940200000012
            ],
            [
              27.462658,
              -11.707937500000012
            ],
            [
              27.462334799999905,
              -11.708615200000013
            ],
            [
              27.462619099999905,
              -11.708736
            ],
            [
              27.462835399999953,
              -11.7085947
            ]
          ]
        ]
      }
    },
    {
      "type": "Feature",
      "properties": {
        "id": 856917323,
        "Type": "area",
        "Region": "CD",
        "refs": [
          7989487483,
          7989487482,
          7989487481,
          7989487480,
          7989487483
        ],
        "tags.barrier": null,
        "tags.frequency": null,
        "tags.location": null,
        "tags.name": "Poste 120kV de Tengyuan",
        "tags.operator": null,
        "tags.power": "substation",
        "tags.substation": "transmission",
        "tags.voltage": "120000",
        "other_tags": null
      },
      "geometry": {
        "type": "Polygon",
        "coordinates": [
          [
            [
              25.480479499999987,
              -10.6365768
            ],
            [
              25.480043099999985,
              -10.6368118
            ],
            [
              25.480245799999985,
              -10.6371756
            ],
            [
              25.480682299999984,
              -10.6369406
            ],
            [
              25.480479499999987,
              -10.6365768
            ]
          ]
        ]
      }
    },
    {
      "type": "Feature",
      "properties": {
        "id": 856917326,
        "Type": "area",
        "Region": "CD",
        "refs": [
          7989491996,
          7989491995,
          7989491994,
          7989491993,
          11112838464,
          7989491996
        ],
        "tags.barrier": null,
        "tags.frequency": null,
        "tags.location": null,
        "tags.name": "Poste 120kV de Samukinda",
        "tags.operator": null,
        "tags.power": "substation",
        "tags.substation": "transmission",
        "tags.voltage": "120000",
        "other_tags": null
      },
      "geometry": {
        "type": "Polygon",
        "coordinates": [
          [
            [
              25.471739099999983,
              -10.6423773
            ],
            [
              25.472126399999983,
              -10.643079
            ],
            [
              25.473370499999984,
              -10.6424157
            ],
            [
              25.472983199999984,
              -10.6417141
            ],
            [
              25.471842699999982,
              -10.64232209999994
            ],
            [
              25.471739099999983,
              -10.6423773
            ]
          ]
        ]
      }
    },
    {
      "type": "Feature",
      "properties": {
        "id": 856917327,
        "Type": "area",
        "Region": "CD",
        "refs": [
          7989492003,
          7989492002,
          7989492001,
          7989492000,
          7989491999,
          7989491998,
          7989492003
        ],
        "tags.barrier": null,
        "tags.frequency": null,
        "tags.location": null,
        "tags.name": null,
        "tags.operator": null,
        "tags.power": "substation",
        "tags.substation": "transmission",
        "tags.voltage": "120000",
        "other_tags": null
      },
      "geometry": {
        "type": "Polygon",
        "coordinates": [
          [
            [
              25.45216019999998,
              -10.7153874
            ],
            [
              25.45257679999998,
              -10.7155985
            ],
            [
              25.452775,
              -10.7152208
            ],
            [
              25.45254389999998,
              -10.7151037
            ],
            [
              25.452421499999982,
              -10.7151072
            ],
            [
              25.452327599999983,
              -10.7150611
            ],
            [
              25.45216019999998,
              -10.7153874
            ]
          ]
        ]
      }
    },
    {
      "type": "Feature",
      "properties": {
        "id": 856917328,
        "Type": "area",
        "Region": "CD",
        "refs": [
          5832321535,
          5832321539,
          5832321538,
          5832321537,
          5832321536,
          5832321535
        ],
        "tags.barrier": "fence",
        "tags.frequency": null,
        "tags.location": null,
        "tags.name": "Poste 120kV de COMMUS",
        "tags.operator": null,
        "tags.power": "substation",
        "tags.substation": "transmission",
        "tags.voltage": "120000",
        "other_tags": null
      },
      "geometry": {
        "type": "Polygon",
        "coordinates": [
          [
            [
              25.447766599999888,
              -10.728987800000011
            ],
            [
              25.448081799999887,
              -10.729570200000012
            ],
            [
              25.447633899999886,
              -10.729803500000012
            ],
            [
              25.447488999999887,
              -10.729536
            ],
            [
              25.44738849999989,
              -10.729190800000012
            ],
            [
              25.447766599999888,
              -10.728987800000011
            ]
          ]
        ]
      }
    },
    {
      "type": "Feature",
      "properties": {
        "id": 904749902,
        "Type": "area",
        "Region": "CD",
        "refs": [
          11086003669,
          11086003670,
          11086003671,
          8402321584,
          11086003668,
          8402321582,
          8402321593,
          8402321592,
          11086003665,
          11086036137,
          8402321591,
          8402321590,
          11086003672,
          11086003669
        ],
        "tags.barrier": null,
        "tags.frequency": null,
        "tags.location": "outdoor",
        "tags.name": "Poste 220kV de NRC",
        "tags.operator": null,
        "tags.power": "substation",
        "tags.substation": "transmission",
        "tags.voltage": "220000",
        "other_tags": null
      },
      "geometry": {
        "type": "Polygon",
        "coordinates": [
          [
            [
              26.579044900000014,
              -10.8706922
            ],
            [
              26.578866100000013,
              -10.8703092
            ],
            [
              26.578434300000012,
              -10.8705002
            ],
            [
              26.578257499999946,
              -10.87044780000002
            ],
            [
              26.578261300000015,
              -10.8703803
            ],
            [
              26.578241099999946,
              -10.87031220000002
            ],
            [
              26.57806139999995,
              -10.86992860000002
            ],
            [
              26.57907929999995,
              -10.86937150000002
            ],
            [
              26.579286,
              -10.8697895
            ],
            [
              26.57935030000002,
              -10.8699194
            ],
            [
              26.57958089999995,
              -10.87038560000002
            ],
            [
              26.57955009999995,
              -10.87046070000002
            ],
            [
              26.57931670000001,
              -10.8705677
            ],
            [
              26.579044900000014,
              -10.8706922
            ]
          ]
        ]
      }
    },
    {
      "type": "Feature",
      "properties": {
        "id": 1037794611,
        "Type": "area",
        "Region": "CD",
        "refs": [
          9533206943,
          9558937571,
          9558937570,
          9558937569,
          9558937568,
          9533206944,
          9533206943
        ],
        "tags.barrier": "fence",
        "tags.frequency": null,
        "tags.location": null,
        "tags.name": null,
        "tags.operator": null,
        "tags.power": "substation",
        "tags.substation": "transmission",
        "tags.voltage": "120000",
        "other_tags": null
      },
      "geometry": {
        "type": "Polygon",
        "coordinates": [
          [
            [
              26.54584869999994,
              -10.955036700000015
            ],
            [
              26.54585140000005,
              -10.9548921
            ],
            [
              26.54643410000005,
              -10.9549025
            ],
            [
              26.546424900000048,
              -10.9554015
            ],
            [
              26.54584220000005,
              -10.9553911
            ],
            [
              26.54584349999994,
              -10.955320900000014
            ],
            [
              26.54584869999994,
              -10.955036700000015
            ]
          ]
        ]
      }
    },
    {
      "type": "Feature",
      "properties": {
        "id": 1080315907,
        "Type": "area",
        "Region": "CD",
        "refs": [
          9902133807,
          8707158030,
          9902133808,
          9902133809,
          9902133810,
          9902133811,
          9902133783,
          9902133807
        ],
        "tags.barrier": null,
        "tags.frequency": null,
        "tags.location": null,
        "tags.name": null,
        "tags.operator": null,
        "tags.power": "substation",
        "tags.substation": "transmission",
        "tags.voltage": "132000",
        "other_tags": null
      },
      "geometry": {
        "type": "Polygon",
        "coordinates": [
          [
            [
              28.093996199999946,
              -7.648281099999985
            ],
            [
              28.093579399999896,
              -7.6484573
            ],
            [
              28.093642099999947,
              -7.648610899999985
            ],
            [
              28.093827299999948,
              -7.648523899999986
            ],
            [
              28.09383439999995,
              -7.648535399999986
            ],
            [
              28.09402349999995,
              -7.648455699999986
            ],
            [
              28.094047099999948,
              -7.648352399999987
            ],
            [
              28.093996199999946,
              -7.648281099999985
            ]
          ]
        ]
      }
    },
    {
      "type": "Feature",
      "properties": {
        "id": 1080315908,
        "Type": "area",
        "Region": "CD",
        "refs": [
          9902133812,
          9902133813,
          9902133814,
          9902133815,
          9902133816,
          9902202217,
          9902133812
        ],
        "tags.barrier": null,
        "tags.frequency": null,
        "tags.location": null,
        "tags.name": null,
        "tags.operator": null,
        "tags.power": "substation",
        "tags.substation": "transmission",
        "tags.voltage": "132000",
        "other_tags": null
      },
      "geometry": {
        "type": "Polygon",
        "coordinates": [
          [
            [
              28.09438989999995,
              -7.648148099999986
            ],
            [
              28.09425909999995,
              -7.647890399999986
            ],
            [
              28.09385609999995,
              -7.648086199999987
            ],
            [
              28.09393409999995,
              -7.648289799999986
            ],
            [
              28.09402749999995,
              -7.648257499999986
            ],
            [
              28.09405,
              -7.648313599999987
            ],
            [
              28.09438989999995,
              -7.648148099999986
            ]
          ]
        ]
      }
    },
    {
      "type": "Feature",
      "properties": {
        "id": 1080326815,
        "Type": "area",
        "Region": "CD",
        "refs": [
          7003056539,
          9902271915,
          9902271916,
          9902288818,
          9902288819,
          3072646874,
          3072646875,
          9902288820,
          9902288817,
          7003056539
        ],
        "tags.barrier": null,
        "tags.frequency": null,
        "tags.location": null,
        "tags.name": "Lutshukuru Substation",
        "tags.operator": "Société Minière et Industrielle du Kivu (Sominki)",
        "tags.power": "substation",
        "tags.substation": "transmission",
        "tags.voltage": "132000",
        "other_tags": null
      },
      "geometry": {
        "type": "Polygon",
        "coordinates": [
          [
            [
              26.62056229999996,
              -2.6415403
            ],
            [
              26.620665299999942,
              -2.641786699999986
            ],
            [
              26.620779099999943,
              -2.641832699999986
            ],
            [
              26.620825799999956,
              -2.641828499999985
            ],
            [
              26.620813099999957,
              -2.641795299999985
            ],
            [
              26.6207998,
              -2.641760699999975
            ],
            [
              26.6210074,
              -2.641697699999976
            ],
            [
              26.621027099999957,
              -2.641692699999985
            ],
            [
              26.620906499999958,
              -2.641415699999985
            ],
            [
              26.62056229999996,
              -2.6415403
            ]
          ]
        ]
      }
    },
    {
      "type": "Feature",
      "properties": {
        "id": 1080452986,
        "Type": "area",
        "Region": "CD",
        "refs": [
          9903397046,
          9903397047,
          9903397048,
          9903397049,
          9903397046
        ],
        "tags.barrier": null,
        "tags.frequency": null,
        "tags.location": null,
        "tags.name": "Centrale Zongo I",
        "tags.operator": null,
        "tags.power": "substation",
        "tags.substation": "transmission",
        "tags.voltage": "132000",
        "other_tags": null
      },
      "geometry": {
        "type": "Polygon",
        "coordinates": [
          [
            [
              14.902837300000035,
              -4.781589399999989
            ],
            [
              14.902718700000035,
              -4.781445599999989
            ],
            [
              14.903136400000035,
              -4.781103499999989
            ],
            [
              14.903255,
              -4.781247399999989
            ],
            [
              14.902837300000035,
              -4.781589399999989
            ]
          ]
        ]
      }
    },
    {
      "type": "Feature",
      "properties": {
        "id": 1082544004,
        "Type": "area",
        "Region": "CD",
        "refs": [
          9921155403,
          9921155404,
          9921155405,
          9921155406,
          9921155403
        ],
        "tags.barrier": null,
        "tags.frequency": null,
        "tags.location": null,
        "tags.name": null,
        "tags.operator": null,
        "tags.power": "substation",
        "tags.substation": "transmission",
        "tags.voltage": "132000",
        "other_tags": null
      },
      "geometry": {
        "type": "Polygon",
        "coordinates": [
          [
            [
              25.275610200000038,
              -8.041773
            ],
            [
              25.275631700000037,
              -8.041948300000014
            ],
            [
              25.275926800000036,
              -8.041908500000014
            ],
            [
              25.275902600000038,
              -8.041741200000015
            ],
            [
              25.275610200000038,
              -8.041773
            ]
          ]
        ]
      }
    },
    {
      "type": "Feature",
      "properties": {
        "id": 1103869365,
        "Type": "area",
        "Region": "CD",
        "refs": [
          10101341758,
          10101341752,
          10101341757,
          10101341751,
          10101341756,
          10101341755,
          10101341750,
          10101341754,
          10101341753,
          10101341749,
          10101341748,
          10101341758
        ],
        "tags.barrier": null,
        "tags.frequency": null,
        "tags.location": null,
        "tags.name": null,
        "tags.operator": null,
        "tags.power": "substation",
        "tags.substation": "transmission",
        "tags.voltage": "132000",
        "other_tags": null
      },
      "geometry": {
        "type": "Polygon",
        "coordinates": [
          [
            [
              21.18533940000011,
              4.3053045
            ],
            [
              21.18514090000011,
              4.3056776
            ],
            [
              21.18512880000011,
              4.3057431
            ],
            [
              21.18519590000011,
              4.3057833
            ],
            [
              21.18544000000011,
              4.305917
            ],
            [
              21.18564380000011,
              4.3055425
            ],
            [
              21.18564650000011,
              4.3054209
            ],
            [
              21.18561160000011,
              4.30537
            ],
            [
              21.18552710000011,
              4.3053313
            ],
            [
              21.18539710000011,
              4.3052711
            ],
            [
              21.18535950000011,
              4.3052778
            ],
            [
              21.18533940000011,
              4.3053045
            ]
          ]
        ]
      }
    },
    {
      "type": "Feature",
      "properties": {
        "id": 1111842149,
        "Type": "area",
        "Region": "CD",
        "refs": [
          10171988825,
          10171988826,
          10171988828,
          10171988827,
          10171083308,
          10171988825
        ],
        "tags.barrier": null,
        "tags.frequency": 50.0,
        "tags.location": "outdoor",
        "tags.name": "Kakula 120kV",
        "tags.operator": "Kamoa",
        "tags.power": "substation",
        "tags.substation": "transmission",
        "tags.voltage": "120000",
        "other_tags": null
      },
      "geometry": {
        "type": "Polygon",
        "coordinates": [
          [
            [
              25.1862412,
              -10.8820065
            ],
            [
              25.1865976,
              -10.8820063
            ],
            [
              25.1865975,
              -10.8817949
            ],
            [
              25.1865975,
              -10.8816932
            ],
            [
              25.1862411,
              -10.8816933
            ],
            [
              25.1862412,
              -10.8820065
            ]
          ]
        ]
      }
    },
    {
      "type": "Feature",
      "properties": {
        "id": 1111842178,
        "Type": "area",
        "Region": "CD",
        "refs": [
          10171991156,
          10171991157,
          10171991158,
          10171991159,
          10171991156
        ],
        "tags.barrier": null,
        "tags.frequency": null,
        "tags.location": null,
        "tags.name": null,
        "tags.operator": null,
        "tags.power": "substation",
        "tags.substation": "transmission",
        "tags.voltage": "132000",
        "other_tags": null
      },
      "geometry": {
        "type": "Polygon",
        "coordinates": [
          [
            [
              25.175260900000026,
              -10.9082491
            ],
            [
              25.174632800000026,
              -10.9082291
            ],
            [
              25.174645,
              -10.9089057
            ],
            [
              25.175285300000027,
              -10.9089117
            ],
            [
              25.175260900000026,
              -10.9082491
            ]
          ]
        ]
      }
    },
    {
      "type": "Feature",
      "properties": {
        "id": 1111967273,
        "Type": "area",
        "Region": "CD",
        "refs": [
          10173082739,
          10173082740,
          10173082741,
          10173082742,
          10173082739
        ],
        "tags.barrier": null,
        "tags.frequency": null,
        "tags.location": null,
        "tags.name": "Poste 120kV de Chengtun",
        "tags.operator": null,
        "tags.power": "substation",
        "tags.substation": "transmission",
        "tags.voltage": "120000",
        "other_tags": null
      },
      "geometry": {
        "type": "Polygon",
        "coordinates": [
          [
            [
              25.47419419999996,
              -10.623924400000025
            ],
            [
              25.47354459999996,
              -10.623920200000025
            ],
            [
              25.47354909999996,
              -10.623242
            ],
            [
              25.47419869999996,
              -10.623246200000025
            ],
            [
              25.47419419999996,
              -10.623924400000025
            ]
          ]
        ]
      }
    },
    {
      "type": "Feature",
      "properties": {
        "id": 1111971268,
        "Type": "area",
        "Region": "CD",
        "refs": [
          5832290548,
          5832290528,
          5832290549,
          5832290556,
          5832290540,
          5832290548
        ],
        "tags.barrier": "fence",
        "tags.frequency": null,
        "tags.location": null,
        "tags.name": "Poste 120kV de Zijin",
        "tags.operator": null,
        "tags.power": "substation",
        "tags.substation": "transmission",
        "tags.voltage": "35000",
        "other_tags": null
      },
      "geometry": {
        "type": "Polygon",
        "coordinates": [
          [
            [
              25.422600599999882,
              -10.7517677
            ],
            [
              25.422603199999884,
              -10.75222620000001
            ],
            [
              25.42296799999988,
              -10.75222880000001
            ],
            [
              25.423032399999883,
              -10.75217870000001
            ],
            [
              25.423037799999882,
              -10.751765
            ],
            [
              25.422600599999882,
              -10.7517677
            ]
          ]
        ]
      }
    },
    {
      "type": "Feature",
      "properties": {
        "id": 1111972112,
        "Type": "area",
        "Region": "CD",
        "refs": [
          10173109752,
          10173109753,
          10173109754,
          10173109755,
          10173109752
        ],
        "tags.barrier": null,
        "tags.frequency": 50.0,
        "tags.location": "outdoor",
        "tags.name": "Poste 120kV de COMIDE",
        "tags.operator": "SNEL",
        "tags.power": "substation",
        "tags.substation": "transmission",
        "tags.voltage": "120000",
        "other_tags": null
      },
      "geometry": {
        "type": "Polygon",
        "coordinates": [
          [
            [
              25.89391379999996,
              -10.654454500000025
            ],
            [
              25.89390769999996,
              -10.655025900000025
            ],
            [
              25.89408649999996,
              -10.655027900000025
            ],
            [
              25.89409469999996,
              -10.654454500000025
            ],
            [
              25.89391379999996,
              -10.654454500000025
            ]
          ]
        ]
      }
    },
    {
      "type": "Feature",
      "properties": {
        "id": 1111973883,
        "Type": "area",
        "Region": "CD",
        "refs": [
          10173105897,
          10173105898,
          10173105899,
          10173105900,
          10173105901,
          10173143126,
          10173143125,
          10173105902,
          10173105903,
          10173105904,
          10173105897
        ],
        "tags.barrier": null,
        "tags.frequency": null,
        "tags.location": null,
        "tags.name": null,
        "tags.operator": null,
        "tags.power": "substation",
        "tags.substation": "transmission",
        "tags.voltage": "120000",
        "other_tags": null
      },
      "geometry": {
        "type": "Polygon",
        "coordinates": [
          [
            [
              25.986466699999955,
              -10.642161800000025
            ],
            [
              25.987011499999955,
              -10.642021900000024
            ],
            [
              25.987139599999956,
              -10.642459400000025
            ],
            [
              25.987107,
              -10.642511400000025
            ],
            [
              25.987052099999957,
              -10.642531400000024
            ],
            [
              25.986852199999923,
              -10.642581500000015
            ],
            [
              25.986736199999925,
              -10.642610600000015
            ],
            [
              25.98667,
              -10.642627300000024
            ],
            [
              25.98660289999996,
              -10.642595300000025
            ],
            [
              25.98656429999996,
              -10.642545300000025
            ],
            [
              25.986466699999955,
              -10.642161800000025
            ]
          ]
        ]
      }
    },
    {
      "type": "Feature",
      "properties": {
        "id": 1111976981,
        "Type": "area",
        "Region": "CD",
        "refs": [
          10173150480,
          10173150481,
          10173150482,
          10173150483,
          10173150480
        ],
        "tags.barrier": null,
        "tags.frequency": null,
        "tags.location": null,
        "tags.name": "Boss Mining",
        "tags.operator": null,
        "tags.power": "substation",
        "tags.substation": "transmission",
        "tags.voltage": "120000",
        "other_tags": null
      },
      "geometry": {
        "type": "Polygon",
        "coordinates": [
          [
            [
              26.30784969999992,
              -10.758812400000012
            ],
            [
              26.30769879999992,
              -10.759218
            ],
            [
              26.30804689999992,
              -10.759366300000012
            ],
            [
              26.30819169999992,
              -10.758945600000013
            ],
            [
              26.30784969999992,
              -10.758812400000012
            ]
          ]
        ]
      }
    },
    {
      "type": "Feature",
      "properties": {
        "id": 1111976982,
        "Type": "area",
        "Region": "CD",
        "refs": [
          10173150484,
          10173150485,
          10173150486,
          10173150487,
          10173150484
        ],
        "tags.barrier": null,
        "tags.frequency": null,
        "tags.location": null,
        "tags.name": "Kakanda",
        "tags.operator": null,
        "tags.power": "substation",
        "tags.substation": "transmission",
        "tags.voltage": "120000",
        "other_tags": null
      },
      "geometry": {
        "type": "Polygon",
        "coordinates": [
          [
            [
              26.392685899999922,
              -10.734248900000013
            ],
            [
              26.39230759999992,
              -10.734252300000014
            ],
            [
              26.392304099999922,
              -10.733987300000013
            ],
            [
              26.392681199999924,
              -10.733988500000013
            ],
            [
              26.392685899999922,
              -10.734248900000013
            ]
          ]
        ]
      }
    },
    {
      "type": "Feature",
      "properties": {
        "id": 1111977374,
        "Type": "area",
        "Region": "CD",
        "refs": [
          10173155268,
          10173155269,
          10173155270,
          10173155271,
          10173155268
        ],
        "tags.barrier": null,
        "tags.frequency": 50.0,
        "tags.location": "outdoor",
        "tags.name": "Poste 120kV de Deziwa (SMD)",
        "tags.operator": "SNEL",
        "tags.power": "substation",
        "tags.substation": "transmission",
        "tags.voltage": "120000",
        "other_tags": null
      },
      "geometry": {
        "type": "Polygon",
        "coordinates": [
          [
            [
              25.777813299999927,
              -10.800270300000015
            ],
            [
              25.777810199999927,
              -10.801187300000015
            ],
            [
              25.778728399999927,
              -10.801190300000014
            ],
            [
              25.778731499999928,
              -10.800273300000015
            ],
            [
              25.777813299999927,
              -10.800270300000015
            ]
          ]
        ]
      }
    },
    {
      "type": "Feature",
      "properties": {
        "id": 1111983143,
        "Type": "area",
        "Region": "CD",
        "refs": [
          10173217512,
          10173217513,
          10173217514,
          10173217515,
          10173217516,
          10173228217,
          10173217512
        ],
        "tags.barrier": null,
        "tags.frequency": null,
        "tags.location": "outdoor",
        "tags.name": "Poste 120kV de COMIKA",
        "tags.operator": null,
        "tags.power": "substation",
        "tags.substation": "transmission",
        "tags.voltage": "120000",
        "other_tags": null
      },
      "geometry": {
        "type": "Polygon",
        "coordinates": [
          [
            [
              26.564108,
              -10.869964900000012
            ],
            [
              26.563628899999955,
              -10.870147400000011
            ],
            [
              26.563388699999955,
              -10.869539400000011
            ],
            [
              26.563580399999953,
              -10.869466300000012
            ],
            [
              26.563615199999955,
              -10.869554500000012
            ],
            [
              26.563902599999956,
              -10.869445
            ],
            [
              26.564108,
              -10.869964900000012
            ]
          ]
        ]
      }
    },
    {
      "type": "Feature",
      "properties": {
        "id": 1111983148,
        "Type": "area",
        "Region": "CD",
        "refs": [
          10173228249,
          10173228252,
          10173228250,
          10173228248,
          10173228251,
          10173228249
        ],
        "tags.barrier": null,
        "tags.frequency": null,
        "tags.location": null,
        "tags.name": "Kambove Mining SAS",
        "tags.operator": null,
        "tags.power": "substation",
        "tags.substation": "transmission",
        "tags.voltage": "120000",
        "other_tags": null
      },
      "geometry": {
        "type": "Polygon",
        "coordinates": [
          [
            [
              26.613856799999947,
              -10.8665406
            ],
            [
              26.614298899999948,
              -10.8665376
            ],
            [
              26.61428979999995,
              -10.8670457
            ],
            [
              26.614090599999948,
              -10.8670439
            ],
            [
              26.61384869999995,
              -10.8670417
            ],
            [
              26.613856799999947,
              -10.8665406
            ]
          ]
        ]
      }
    },
    {
      "type": "Feature",
      "properties": {
        "id": 1111988707,
        "Type": "area",
        "Region": "CD",
        "refs": [
          10173260410,
          10173260411,
          10173260412,
          10173260413,
          10173260410
        ],
        "tags.barrier": null,
        "tags.frequency": null,
        "tags.location": null,
        "tags.name": null,
        "tags.operator": null,
        "tags.power": "substation",
        "tags.substation": "transmission",
        "tags.voltage": "120000",
        "other_tags": null
      },
      "geometry": {
        "type": "Polygon",
        "coordinates": [
          [
            [
              26.654572799999947,
              -10.9570222
            ],
            [
              26.655097299999948,
              -10.9565273
            ],
            [
              26.655455,
              -10.9568825
            ],
            [
              26.654924499999947,
              -10.9573774
            ],
            [
              26.654572799999947,
              -10.9570222
            ]
          ]
        ]
      }
    },
    {
      "type": "Feature",
      "properties": {
        "id": 1111988709,
        "Type": "area",
        "Region": "CD",
        "refs": [
          10173277118,
          10173277119,
          10173277120,
          10173277121,
          10173277125,
          10173277118
        ],
        "tags.barrier": null,
        "tags.frequency": null,
        "tags.location": null,
        "tags.name": null,
        "tags.operator": null,
        "tags.power": "substation",
        "tags.substation": "transmission",
        "tags.voltage": "120000",
        "other_tags": null
      },
      "geometry": {
        "type": "Polygon",
        "coordinates": [
          [
            [
              26.65303709999995,
              -10.9550231
            ],
            [
              26.653506,
              -10.9545401
            ],
            [
              26.65374489999995,
              -10.954726
            ],
            [
              26.65330429999995,
              -10.9552594
            ],
            [
              26.653176099999946,
              -10.955146
            ],
            [
              26.65303709999995,
              -10.9550231
            ]
          ]
        ]
      }
    },
    {
      "type": "Feature",
      "properties": {
        "id": 1111988712,
        "Type": "area",
        "Region": "CD",
        "refs": [
          10173277138,
          10173277139,
          10173277140,
          10173277141,
          10173277138
        ],
        "tags.barrier": null,
        "tags.frequency": null,
        "tags.location": null,
        "tags.name": null,
        "tags.operator": null,
        "tags.power": "substation",
        "tags.substation": "transmission",
        "tags.voltage": "132000",
        "other_tags": null
      },
      "geometry": {
        "type": "Polygon",
        "coordinates": [
          [
            [
              26.658615299999955,
              -10.9634094
            ],
            [
              26.658783399999955,
              -10.9635675
            ],
            [
              26.659185099999956,
              -10.963161
            ],
            [
              26.659020499999954,
              -10.9629925
            ],
            [
              26.658615299999955,
              -10.9634094
            ]
          ]
        ]
      }
    },
    {
      "type": "Feature",
      "properties": {
        "id": 1112007411,
        "Type": "area",
        "Region": "CD",
        "refs": [
          10173414805,
          10173414806,
          10173414807,
          10173414808,
          10173414805
        ],
        "tags.barrier": null,
        "tags.frequency": 50.0,
        "tags.location": "outdoor",
        "tags.name": "Poste 120kV d'Excellent Mineral",
        "tags.operator": "Excellent Mineral",
        "tags.power": "substation",
        "tags.substation": "transmission",
        "tags.voltage": "120000",
        "other_tags": {
          "tags.landuse": "industrial"
        }
      },
      "geometry": {
        "type": "Polygon",
        "coordinates": [
          [
            [
              27.01744260000006,
              -11.198357
            ],
            [
              27.01696,
              -11.198803
            ],
            [
              27.01782960000006,
              -11.1997085
            ],
            [
              27.01831220000006,
              -11.1992624
            ],
            [
              27.01744260000006,
              -11.198357
            ]
          ]
        ]
      }
    },
    {
      "type": "Feature",
      "properties": {
        "id": 1112009209,
        "Type": "area",
        "Region": "CD",
        "refs": [
          10173423371,
          10173423378,
          10173423372,
          10173423373,
          10173423374,
          10173423371
        ],
        "tags.barrier": null,
        "tags.frequency": null,
        "tags.location": null,
        "tags.name": "Luisha",
        "tags.operator": null,
        "tags.power": "substation",
        "tags.substation": "transmission",
        "tags.voltage": "120000",
        "other_tags": null
      },
      "geometry": {
        "type": "Polygon",
        "coordinates": [
          [
            [
              27.019948900000067,
              -11.166592
            ],
            [
              27.019790400000065,
              -11.1670802
            ],
            [
              27.019755800000066,
              -11.1671867
            ],
            [
              27.020206400000067,
              -11.1673262
            ],
            [
              27.020402200000067,
              -11.1667367
            ],
            [
              27.019948900000067,
              -11.166592
            ]
          ]
        ]
      }
    },
    {
      "type": "Feature",
      "properties": {
        "id": 1112010829,
        "Type": "area",
        "Region": "CD",
        "refs": [
          10173452707,
          10173452708,
          10173452709,
          10173452710,
          10173452711,
          10173452712,
          10173452737,
          10173452707
        ],
        "tags.barrier": null,
        "tags.frequency": null,
        "tags.location": null,
        "tags.name": "Poste 120kV de Kipoi",
        "tags.operator": null,
        "tags.power": "substation",
        "tags.substation": "transmission",
        "tags.voltage": "120000",
        "other_tags": null
      },
      "geometry": {
        "type": "Polygon",
        "coordinates": [
          [
            [
              27.103166200000032,
              -11.2478128
            ],
            [
              27.10296880000003,
              -11.2482342
            ],
            [
              27.103380200000032,
              -11.2484195
            ],
            [
              27.103521400000034,
              -11.2481181
            ],
            [
              27.103285700000033,
              -11.2480119
            ],
            [
              27.103341900000032,
              -11.247892
            ],
            [
              27.103237200000034,
              -11.2478448
            ],
            [
              27.103166200000032,
              -11.2478128
            ]
          ]
        ]
      }
    },
    {
      "type": "Feature",
      "properties": {
        "id": 1112012802,
        "Type": "area",
        "Region": "CD",
        "refs": [
          10173457651,
          10173457652,
          10173457653,
          10173457659,
          10173457654,
          10173457651
        ],
        "tags.barrier": null,
        "tags.frequency": null,
        "tags.location": null,
        "tags.name": "Golden African Resources",
        "tags.operator": null,
        "tags.power": "substation",
        "tags.substation": "transmission",
        "tags.voltage": "120000",
        "other_tags": null
      },
      "geometry": {
        "type": "Polygon",
        "coordinates": [
          [
            [
              27.375615400000036,
              -11.4640842
            ],
            [
              27.375717100000035,
              -11.464233
            ],
            [
              27.376096100000034,
              -11.4639755
            ],
            [
              27.376040800000034,
              -11.4638926
            ],
            [
              27.375991300000035,
              -11.4638185
            ],
            [
              27.375615400000036,
              -11.4640842
            ]
          ]
        ]
      }
    },
    {
      "type": "Feature",
      "properties": {
        "id": 1112016159,
        "Type": "area",
        "Region": "CD",
        "refs": [
          10173485461,
          10173485467,
          10173485462,
          10173485463,
          10173485464,
          10173485461
        ],
        "tags.barrier": null,
        "tags.frequency": null,
        "tags.location": null,
        "tags.name": "Kinesevere",
        "tags.operator": null,
        "tags.power": "substation",
        "tags.substation": "transmission",
        "tags.voltage": "132000",
        "other_tags": null
      },
      "geometry": {
        "type": "Polygon",
        "coordinates": [
          [
            [
              27.568496,
              -11.3776919
            ],
            [
              27.568476900000036,
              -11.3772999
            ],
            [
              27.568474500000033,
              -11.3772509
            ],
            [
              27.567953800000033,
              -11.377266
            ],
            [
              27.567978400000033,
              -11.3777191
            ],
            [
              27.568496,
              -11.3776919
            ]
          ]
        ]
      }
    },
    {
      "type": "Feature",
      "properties": {
        "id": 1112028029,
        "Type": "area",
        "Region": "CD",
        "refs": [
          10173566340,
          10173566341,
          10173566342,
          10173566387,
          10173566343,
          10173566344,
          10173566345,
          10173566340
        ],
        "tags.barrier": null,
        "tags.frequency": null,
        "tags.location": null,
        "tags.name": null,
        "tags.operator": null,
        "tags.power": "substation",
        "tags.substation": "transmission",
        "tags.voltage": "120000",
        "other_tags": null
      },
      "geometry": {
        "type": "Polygon",
        "coordinates": [
          [
            [
              27.55211980000006,
              -11.6134592
            ],
            [
              27.55210640000006,
              -11.6139767
            ],
            [
              27.55177650000006,
              -11.613982
            ],
            [
              27.55178010000007,
              -11.6144461
            ],
            [
              27.55178190000006,
              -11.6146756
            ],
            [
              27.55280380000006,
              -11.6146388
            ],
            [
              27.55280380000006,
              -11.6134618
            ],
            [
              27.55211980000006,
              -11.6134592
            ]
          ]
        ]
      }
    },
    {
      "type": "Feature",
      "properties": {
        "id": 1112031714,
        "Type": "area",
        "Region": "CD",
        "refs": [
          10173615773,
          10173615774,
          10173615775,
          10173615800,
          10173615776,
          10173615773
        ],
        "tags.barrier": null,
        "tags.frequency": null,
        "tags.location": null,
        "tags.name": null,
        "tags.operator": null,
        "tags.power": "substation",
        "tags.substation": "transmission",
        "tags.voltage": "120000",
        "other_tags": null
      },
      "geometry": {
        "type": "Polygon",
        "coordinates": [
          [
            [
              27.427936600000017,
              -11.5153092
            ],
            [
              27.428227200000016,
              -11.5149407
            ],
            [
              27.428658200000015,
              -11.5152475
            ],
            [
              27.428514800000023,
              -11.5154292
            ],
            [
              27.428347200000015,
              -11.5156419
            ],
            [
              27.427936600000017,
              -11.5153092
            ]
          ]
        ]
      }
    },
    {
      "type": "Feature",
      "properties": {
        "id": 1112031715,
        "Type": "area",
        "Region": "CD",
        "refs": [
          10173615778,
          10173615779,
          10173615780,
          10173615801,
          10173615781,
          10173615778
        ],
        "tags.barrier": null,
        "tags.frequency": null,
        "tags.location": null,
        "tags.name": null,
        "tags.operator": null,
        "tags.power": "substation",
        "tags.substation": "transmission",
        "tags.voltage": "120000",
        "other_tags": null
      },
      "geometry": {
        "type": "Polygon",
        "coordinates": [
          [
            [
              27.429637700000015,
              -11.5202301
            ],
            [
              27.430409300000015,
              -11.5199197
            ],
            [
              27.430660600000014,
              -11.5204833
            ],
            [
              27.43023870000002,
              -11.5206783
            ],
            [
              27.429887200000014,
              -11.5208179
            ],
            [
              27.429637700000015,
              -11.5202301
            ]
          ]
        ]
      }
    },
    {
      "type": "Feature",
      "properties": {
        "id": 1112056212,
        "Type": "area",
        "Region": "CD",
        "refs": [
          10173815104,
          3654599109,
          10173815105,
          10173815106,
          10173815107,
          10173815104
        ],
        "tags.barrier": "fence",
        "tags.frequency": null,
        "tags.location": null,
        "tags.name": "Poste 120kV de Somika",
        "tags.operator": null,
        "tags.power": "substation",
        "tags.substation": "transmission",
        "tags.voltage": "120000",
        "other_tags": null
      },
      "geometry": {
        "type": "Polygon",
        "coordinates": [
          [
            [
              27.41481369999995,
              -11.697055499999976
            ],
            [
              27.4150449,
              -11.697677200000024
            ],
            [
              27.41531879999995,
              -11.697579499999977
            ],
            [
              27.415087499999952,
              -11.696957799999977
            ],
            [
              27.414953799999953,
              -11.697005499999976
            ],
            [
              27.41481369999995,
              -11.697055499999976
            ]
          ]
        ]
      }
    },
    {
      "type": "Feature",
      "properties": {
        "id": 1112122739,
        "Type": "area",
        "Region": "CD",
        "refs": [
          10174406005,
          10174406006,
          10174406007,
          10174406008,
          10174406005
        ],
        "tags.barrier": "fence",
        "tags.frequency": null,
        "tags.location": null,
        "tags.name": "Poste 50kV d'Inilu",
        "tags.operator": null,
        "tags.power": "substation",
        "tags.substation": "distribution",
        "tags.voltage": "50000",
        "other_tags": null
      },
      "geometry": {
        "type": "Polygon",
        "coordinates": [
          [
            [
              27.2980814,
              -11.714540300000017
            ],
            [
              27.2984481,
              -11.714513500000017
            ],
            [
              27.2984698,
              -11.714799200000016
            ],
            [
              27.2981032,
              -11.714826
            ],
            [
              27.2980814,
              -11.714540300000017
            ]
          ]
        ]
      }
    },
    {
      "type": "Feature",
      "properties": {
        "id": 1112250270,
        "Type": "area",
        "Region": "CD",
        "refs": [
          10175552771,
          10175552772,
          10175552773,
          10175552774,
          10175552775,
          10175552776,
          10175552771
        ],
        "tags.barrier": null,
        "tags.frequency": null,
        "tags.location": null,
        "tags.name": null,
        "tags.operator": null,
        "tags.power": "substation",
        "tags.substation": "transmission",
        "tags.voltage": "120000",
        "other_tags": null
      },
      "geometry": {
        "type": "Polygon",
        "coordinates": [
          [
            [
              27.480313199999927,
              -11.5909838
            ],
            [
              27.480744499999926,
              -11.5908963
            ],
            [
              27.480832299999925,
              -11.5912404
            ],
            [
              27.480548899999924,
              -11.5913083
            ],
            [
              27.480498099999924,
              -11.591091
            ],
            [
              27.480340899999923,
              -11.5911257
            ],
            [
              27.480313199999927,
              -11.5909838
            ]
          ]
        ]
      }
    },
    {
      "type": "Feature",
      "properties": {
        "id": 1147819414,
        "Type": "area",
        "Region": "CD",
        "refs": [
          10679904952,
          10679904953,
          10679904954,
          10679904955,
          10679904956,
          10679904957,
          10679904958,
          10679904959,
          10679904952
        ],
        "tags.barrier": null,
        "tags.frequency": null,
        "tags.location": "outdoor",
        "tags.name": "Poste 120kV KCC",
        "tags.operator": null,
        "tags.power": "substation",
        "tags.substation": "transmission",
        "tags.voltage": "120000",
        "other_tags": null
      },
      "geometry": {
        "type": "Polygon",
        "coordinates": [
          [
            [
              25.395670700000025,
              -10.682748299999986
            ],
            [
              25.395613200000025,
              -10.683087399999986
            ],
            [
              25.396042300000026,
              -10.683126499999986
            ],
            [
              25.396046800000025,
              -10.682839599999985
            ],
            [
              25.396237,
              -10.682904799999985
            ],
            [
              25.396400700000026,
              -10.682626599999985
            ],
            [
              25.396192800000026,
              -10.682552699999984
            ],
            [
              25.396042300000026,
              -10.682783099999984
            ],
            [
              25.395670700000025,
              -10.682748299999986
            ]
          ]
        ]
      }
    },
    {
      "type": "Feature",
      "properties": {
        "id": 1147829061,
        "Type": "area",
        "Region": "CD",
        "refs": [
          10679952941,
          10679952942,
          10679952943,
          10679952944,
          10679952941
        ],
        "tags.barrier": null,
        "tags.frequency": null,
        "tags.location": null,
        "tags.name": null,
        "tags.operator": null,
        "tags.power": "substation",
        "tags.substation": "transmission",
        "tags.voltage": "132000",
        "other_tags": null
      },
      "geometry": {
        "type": "Polygon",
        "coordinates": [
          [
            [
              25.4367761,
              -10.648787899999979
            ],
            [
              25.4366756,
              -10.64889829999998
            ],
            [
              25.4367611,
              -10.648984
            ],
            [
              25.4368717,
              -10.648871899999978
            ],
            [
              25.4367761,
              -10.648787899999979
            ]
          ]
        ]
      }
    },
    {
      "type": "Feature",
      "properties": {
        "id": 1148217899,
        "Type": "area",
        "Region": "CD",
        "refs": [
          10683176374,
          10683176375,
          10683176376,
          10683176377,
          10683176374
        ],
        "tags.barrier": null,
        "tags.frequency": 50.0,
        "tags.location": "outdoor",
        "tags.name": "Poste 120kV de CarriLu",
        "tags.operator": "SNEL",
        "tags.power": "substation",
        "tags.substation": "transmission",
        "tags.voltage": "120000",
        "other_tags": null
      },
      "geometry": {
        "type": "Polygon",
        "coordinates": [
          [
            [
              25.591096599999986,
              -10.7873462
            ],
            [
              25.591045799999986,
              -10.7879278
            ],
            [
              25.591970599999986,
              -10.7880177
            ],
            [
              25.592031599999984,
              -10.7874236
            ],
            [
              25.591096599999986,
              -10.7873462
            ]
          ]
        ]
      }
    },
    {
      "type": "Feature",
      "properties": {
        "id": 1148217900,
        "Type": "area",
        "Region": "CD",
        "refs": [
          10683259141,
          10683259142,
          11083859031,
          10683259135,
          10683259136,
          10683259137,
          10683259141
        ],
        "tags.barrier": null,
        "tags.frequency": 50.0,
        "tags.location": "outdoor",
        "tags.name": "Poste 220kV de RL",
        "tags.operator": "SNEL",
        "tags.power": "substation",
        "tags.substation": "transmission",
        "tags.voltage": "220000",
        "other_tags": null
      },
      "geometry": {
        "type": "Polygon",
        "coordinates": [
          [
            [
              25.699659799999967,
              -10.826332
            ],
            [
              25.699662099999966,
              -10.8258603
            ],
            [
              25.69824139999983,
              -10.825853599999979
            ],
            [
              25.69816859999997,
              -10.8258533
            ],
            [
              25.69816449999997,
              -10.8266946
            ],
            [
              25.699234,
              -10.8266997
            ],
            [
              25.699659799999967,
              -10.826332
            ]
          ]
        ]
      }
    },
    {
      "type": "Feature",
      "properties": {
        "id": 1148279551,
        "Type": "area",
        "Region": "CD",
        "refs": [
          10683761478,
          10683761479,
          10683761480,
          10683761481,
          10683761482,
          10683761478
        ],
        "tags.barrier": null,
        "tags.frequency": 50.0,
        "tags.location": "outdoor",
        "tags.name": "MUMI3",
        "tags.operator": null,
        "tags.power": "substation",
        "tags.substation": "transmission",
        "tags.voltage": "11000",
        "other_tags": null
      },
      "geometry": {
        "type": "Polygon",
        "coordinates": [
          [
            [
              25.797482399999957,
              -10.793530599999986
            ],
            [
              25.797453599999958,
              -10.793763099999985
            ],
            [
              25.797659299999957,
              -10.793771799999986
            ],
            [
              25.797816399999956,
              -10.793747899999985
            ],
            [
              25.797818599999957,
              -10.793537099999986
            ],
            [
              25.797482399999957,
              -10.793530599999986
            ]
          ]
        ]
      }
    },
    {
      "type": "Feature",
      "properties": {
        "id": 1148295009,
        "Type": "area",
        "Region": "CD",
        "refs": [
          10683897177,
          10683897178,
          10683897179,
          10683897180,
          10683897181,
          10683897182,
          10683897183,
          10683897184,
          10683897185,
          10683897186,
          10683897177
        ],
        "tags.barrier": null,
        "tags.frequency": null,
        "tags.location": null,
        "tags.name": null,
        "tags.operator": null,
        "tags.power": "substation",
        "tags.substation": "transmission",
        "tags.voltage": "120000",
        "other_tags": null
      },
      "geometry": {
        "type": "Polygon",
        "coordinates": [
          [
            [
              26.418575299999958,
              -10.74843989999997
            ],
            [
              26.418514399999957,
              -10.748481099999971
            ],
            [
              26.418609599999957,
              -10.748604699999971
            ],
            [
              26.41858419999996,
              -10.748628399999971
            ],
            [
              26.418785,
              -10.74887309999997
            ],
            [
              26.418877699999957,
              -10.74881319999997
            ],
            [
              26.418675699999955,
              -10.74855979999997
            ],
            [
              26.418716399999955,
              -10.74852729999997
            ],
            [
              26.418665499999953,
              -10.74847239999997
            ],
            [
              26.418622399999954,
              -10.748498599999971
            ],
            [
              26.418575299999958,
              -10.74843989999997
            ]
          ]
        ]
      }
    },
    {
      "type": "Feature",
      "properties": {
        "id": 1148920972,
        "Type": "area",
        "Region": "CD",
        "refs": [
          10689011161,
          10689011162,
          10689011163,
          10689011164,
          10689011161
        ],
        "tags.barrier": null,
        "tags.frequency": null,
        "tags.location": null,
        "tags.name": "Poste 120kV de DLM",
        "tags.operator": null,
        "tags.power": "substation",
        "tags.substation": "transmission",
        "tags.voltage": "120000",
        "other_tags": null
      },
      "geometry": {
        "type": "Polygon",
        "coordinates": [
          [
            [
              26.77172329999981,
              -11.00111569999997
            ],
            [
              26.77172339999981,
              -11.001761199999969
            ],
            [
              26.77212729999981,
              -11.00176109999997
            ],
            [
              26.77212729999981,
              -11.00111559999997
            ],
            [
              26.77172329999981,
              -11.00111569999997
            ]
          ]
        ]
      }
    },
    {
      "type": "Feature",
      "properties": {
        "id": 1148920976,
        "Type": "area",
        "Region": "CD",
        "refs": [
          10689012750,
          10689012751,
          10689012752,
          10689012753,
          10689012750
        ],
        "tags.barrier": null,
        "tags.frequency": null,
        "tags.location": null,
        "tags.name": null,
        "tags.operator": null,
        "tags.power": "substation",
        "tags.substation": "transmission",
        "tags.voltage": "120000",
        "other_tags": null
      },
      "geometry": {
        "type": "Polygon",
        "coordinates": [
          [
            [
              26.687956999999813,
              -10.987341799999959
            ],
            [
              26.68757169999981,
              -10.988046599999958
            ],
            [
              26.688088299999812,
              -10.988275899999959
            ],
            [
              26.688400599999813,
              -10.987605399999959
            ],
            [
              26.687956999999813,
              -10.987341799999959
            ]
          ]
        ]
      }
    },
    {
      "type": "Feature",
      "properties": {
        "id": 1148926447,
        "Type": "area",
        "Region": "CD",
        "refs": [
          10689020162,
          10689020163,
          10689020164,
          11076689594,
          10689020165,
          10689020166,
          10689020167,
          10689020168,
          10689020162
        ],
        "tags.barrier": null,
        "tags.frequency": null,
        "tags.location": null,
        "tags.name": "Poste 120kV de Kasaji",
        "tags.operator": null,
        "tags.power": "substation",
        "tags.substation": "transmission",
        "tags.voltage": "120000",
        "other_tags": null
      },
      "geometry": {
        "type": "Polygon",
        "coordinates": [
          [
            [
              23.473191599999822,
              -10.391504
            ],
            [
              23.47259439999982,
              -10.39082919999996
            ],
            [
              23.472022699999822,
              -10.39131909999996
            ],
            [
              23.47272589999996,
              -10.392089
            ],
            [
              23.472988299999823,
              -10.39237629999996
            ],
            [
              23.473181399999824,
              -10.39219629999996
            ],
            [
              23.473328799999823,
              -10.392333799999959
            ],
            [
              23.473681999999823,
              -10.392006399999959
            ],
            [
              23.473191599999822,
              -10.391504
            ]
          ]
        ]
      }
    },
    {
      "type": "Feature",
      "properties": {
        "id": 1149148994,
        "Type": "area",
        "Region": "CD",
        "refs": [
          10690776286,
          10690776287,
          10690776288,
          10690776289,
          10690776290,
          10690776291,
          10690776286
        ],
        "tags.barrier": null,
        "tags.frequency": null,
        "tags.location": null,
        "tags.name": null,
        "tags.operator": null,
        "tags.power": "substation",
        "tags.substation": "transmission",
        "tags.voltage": "120000",
        "other_tags": null
      },
      "geometry": {
        "type": "Polygon",
        "coordinates": [
          [
            [
              27.290604699999967,
              -11.597425599999966
            ],
            [
              27.29061639999997,
              -11.597900199999966
            ],
            [
              27.29070979999997,
              -11.597908799999965
            ],
            [
              27.29073019999997,
              -11.598023199999965
            ],
            [
              27.29091409999997,
              -11.598023199999965
            ],
            [
              27.29090819999997,
              -11.597414199999964
            ],
            [
              27.290604699999967,
              -11.597425599999966
            ]
          ]
        ]
      }
    },
    {
      "type": "Feature",
      "properties": {
        "id": 1149148995,
        "Type": "area",
        "Region": "CD",
        "refs": [
          10690776397,
          10690776398,
          10690776399,
          10690776400,
          10690776397
        ],
        "tags.barrier": null,
        "tags.frequency": null,
        "tags.location": null,
        "tags.name": null,
        "tags.operator": null,
        "tags.power": "substation",
        "tags.substation": "transmission",
        "tags.voltage": "120000",
        "other_tags": null
      },
      "geometry": {
        "type": "Polygon",
        "coordinates": [
          [
            [
              27.408329299999963,
              -11.509560199999965
            ],
            [
              27.408475299999964,
              -11.50979
            ],
            [
              27.408652299999964,
              -11.509681599999965
            ],
            [
              27.408521799999964,
              -11.509456199999965
            ],
            [
              27.408329299999963,
              -11.509560199999965
            ]
          ]
        ]
      }
    },
    {
      "type": "Feature",
      "properties": {
        "id": 1164673171,
        "Type": "area",
        "Region": "CD",
        "refs": [
          10831997080,
          10831997081,
          10831997082,
          10831997083,
          10831997080
        ],
        "tags.barrier": null,
        "tags.frequency": null,
        "tags.location": null,
        "tags.name": null,
        "tags.operator": null,
        "tags.power": "substation",
        "tags.substation": "transmission",
        "tags.voltage": "66000",
        "other_tags": null
      },
      "geometry": {
        "type": "Polygon",
        "coordinates": [
          [
            [
              28.786127,
              -13.031429
            ],
            [
              28.785618100000036,
              -13.031426
            ],
            [
              28.785583300000035,
              -13.0308501
            ],
            [
              28.786082700000033,
              -13.03085320000001
            ],
            [
              28.786127,
              -13.031429
            ]
          ]
        ]
      }
    },
    {
      "type": "Feature",
      "properties": {
        "id": 1175141131,
        "Type": "area",
        "Region": "CD",
        "refs": [
          10919819142,
          10919819145,
          10919819144,
          10919819143,
          10919819142
        ],
        "tags.barrier": null,
        "tags.frequency": null,
        "tags.location": null,
        "tags.name": null,
        "tags.operator": null,
        "tags.power": "substation",
        "tags.substation": "transmission",
        "tags.voltage": "132000",
        "other_tags": null
      },
      "geometry": {
        "type": "Polygon",
        "coordinates": [
          [
            [
              20.843672800000054,
              -7.363467800000021
            ],
            [
              20.844179800000052,
              -7.363594
            ],
            [
              20.844306,
              -7.363095200000021
            ],
            [
              20.843799,
              -7.362969
            ],
            [
              20.843672800000054,
              -7.363467800000021
            ]
          ]
        ]
      }
    },
    {
      "type": "Feature",
      "properties": {
        "id": 1177393421,
        "Type": "area",
        "Region": "CD",
        "refs": [
          10938260879,
          10938260878,
          10938260877,
          10938260876,
          10938260879
        ],
        "tags.barrier": null,
        "tags.frequency": 50.0,
        "tags.location": "outdoor",
        "tags.name": "Poste 220kV de LCS",
        "tags.operator": "SNEL",
        "tags.power": "substation",
        "tags.substation": "transmission",
        "tags.voltage": "220000",
        "other_tags": null
      },
      "geometry": {
        "type": "Polygon",
        "coordinates": [
          [
            [
              25.6969142,
              -10.828656200000013
            ],
            [
              25.6969197,
              -10.827505200000013
            ],
            [
              25.6980085,
              -10.827510200000013
            ],
            [
              25.6980031,
              -10.828661200000013
            ],
            [
              25.6969142,
              -10.828656200000013
            ]
          ]
        ]
      }
    },
    {
      "type": "Feature",
      "properties": {
        "id": 1193724324,
        "Type": "area",
        "Region": "CD",
        "refs": [
          2329644929,
          11077727885,
          11077727886,
          2329644914,
          2329644932,
          2329644935,
          2329644929
        ],
        "tags.barrier": null,
        "tags.frequency": null,
        "tags.location": "outdoor",
        "tags.name": "Poste 120kV de NSEKE",
        "tags.operator": null,
        "tags.power": "substation",
        "tags.substation": "transmission",
        "tags.voltage": "120000",
        "other_tags": null
      },
      "geometry": {
        "type": "Polygon",
        "coordinates": [
          [
            [
              25.404649200000033,
              -10.3046733
            ],
            [
              25.404148399999947,
              -10.3041737
            ],
            [
              25.403974099999946,
              -10.3039916
            ],
            [
              25.40449920000004,
              -10.3035002
            ],
            [
              25.405778200000036,
              -10.3048873
            ],
            [
              25.40526710000003,
              -10.3053435
            ],
            [
              25.404649200000033,
              -10.3046733
            ]
          ]
        ]
      }
    },
    {
      "type": "Feature",
      "properties": {
        "id": 1193727219,
        "Type": "area",
        "Region": "CD",
        "refs": [
          11080635873,
          11080635872,
          11080635871,
          11080635870,
          11080635873
        ],
        "tags.barrier": "fence",
        "tags.frequency": null,
        "tags.location": null,
        "tags.name": "Metakol",
        "tags.operator": null,
        "tags.power": "substation",
        "tags.substation": "transmission",
        "tags.voltage": "120000",
        "other_tags": null
      },
      "geometry": {
        "type": "Polygon",
        "coordinates": [
          [
            [
              25.42480139999996,
              -10.641541800000024
            ],
            [
              25.42501,
              -10.640994500000025
            ],
            [
              25.42552289999996,
              -10.641183300000025
            ],
            [
              25.425314399999962,
              -10.641730600000024
            ],
            [
              25.42480139999996,
              -10.641541800000024
            ]
          ]
        ]
      }
    },
    {
      "type": "Feature",
      "properties": {
        "id": 1193974368,
        "Type": "area",
        "Region": "CD",
        "refs": [
          11083327825,
          11083327824,
          11083327821,
          11083327823,
          11083327822,
          12229581753,
          11083327825
        ],
        "tags.barrier": "fence",
        "tags.frequency": 50.0,
        "tags.location": "outdoor",
        "tags.name": "Kamoa Copper 220/33kV Substation",
        "tags.operator": null,
        "tags.power": "substation",
        "tags.substation": "transmission",
        "tags.voltage": "220000",
        "other_tags": null
      },
      "geometry": {
        "type": "Polygon",
        "coordinates": [
          [
            [
              25.24264369999989,
              -10.81417310000001
            ],
            [
              25.24111359999989,
              -10.81302970000001
            ],
            [
              25.241285899999887,
              -10.81279550000001
            ],
            [
              25.24181019999989,
              -10.81213360000001
            ],
            [
              25.243320099999888,
              -10.81328230000001
            ],
            [
              25.242792699999914,
              -10.8139671
            ],
            [
              25.24264369999989,
              -10.81417310000001
            ]
          ]
        ]
      }
    },
    {
      "type": "Feature",
      "properties": {
        "id": 1194032944,
        "Type": "area",
        "Region": "CD",
        "refs": [
          11083827307,
          11083827306,
          11083827305,
          11083818304,
          11083827307
        ],
        "tags.barrier": null,
        "tags.frequency": 50.0,
        "tags.location": "outdoor",
        "tags.name": null,
        "tags.operator": null,
        "tags.power": "substation",
        "tags.substation": "transmission",
        "tags.voltage": "120000",
        "other_tags": null
      },
      "geometry": {
        "type": "Polygon",
        "coordinates": [
          [
            [
              25.565912399999863,
              -10.6637025
            ],
            [
              25.56591559999986,
              -10.6632395
            ],
            [
              25.566580299999863,
              -10.6632439
            ],
            [
              25.566577199999852,
              -10.663706899999989
            ],
            [
              25.565912399999863,
              -10.6637025
            ]
          ]
        ]
      }
    },
    {
      "type": "Feature",
      "properties": {
        "id": 1194037196,
        "Type": "area",
        "Region": "CD",
        "refs": [
          10683259141,
          10683259137,
          10683259138,
          10683259139,
          10683259140,
          10683259141
        ],
        "tags.barrier": null,
        "tags.frequency": 50.0,
        "tags.location": "outdoor",
        "tags.name": "Poste 120kV de RL",
        "tags.operator": "SNEL",
        "tags.power": "substation",
        "tags.substation": "transmission",
        "tags.voltage": "120000",
        "other_tags": null
      },
      "geometry": {
        "type": "Polygon",
        "coordinates": [
          [
            [
              25.699659799999967,
              -10.826332
            ],
            [
              25.699234,
              -10.8266997
            ],
            [
              25.699232699999968,
              -10.826966
            ],
            [
              25.700704299999966,
              -10.826973
            ],
            [
              25.700707399999967,
              -10.8263369
            ],
            [
              25.699659799999967,
              -10.826332
            ]
          ]
        ]
      }
    },
    {
      "type": "Feature",
      "properties": {
        "id": 1194055534,
        "Type": "area",
        "Region": "CD",
        "refs": [
          11084010443,
          11084010442,
          11084010441,
          11084010440,
          11083984991,
          11084010443
        ],
        "tags.barrier": null,
        "tags.frequency": 50.0,
        "tags.location": "outdoor",
        "tags.name": "Poste 120kV de MUMI2",
        "tags.operator": "SNEL",
        "tags.power": "substation",
        "tags.substation": "transmission",
        "tags.voltage": "120000",
        "other_tags": null
      },
      "geometry": {
        "type": "Polygon",
        "coordinates": [
          [
            [
              25.7941791,
              -10.7997418
            ],
            [
              25.7941765,
              -10.7992359
            ],
            [
              25.7951367,
              -10.7992043
            ],
            [
              25.7951233,
              -10.7996891
            ],
            [
              25.7949838,
              -10.7997418
            ],
            [
              25.7941791,
              -10.7997418
            ]
          ]
        ]
      }
    },
    {
      "type": "Feature",
      "properties": {
        "id": 1194115293,
        "Type": "area",
        "Region": "CD",
        "refs": [
          11084416589,
          11084416588,
          11084416587,
          11084416586,
          11084416589
        ],
        "tags.barrier": null,
        "tags.frequency": 50.0,
        "tags.location": "outdoor",
        "tags.name": "Poste 120kV de KIMIN",
        "tags.operator": "SNEL",
        "tags.power": "substation",
        "tags.substation": "transmission",
        "tags.voltage": "120000",
        "other_tags": null
      },
      "geometry": {
        "type": "Polygon",
        "coordinates": [
          [
            [
              25.929333,
              -10.7843218
            ],
            [
              25.929334700000013,
              -10.7838456
            ],
            [
              25.93027580000001,
              -10.7838488
            ],
            [
              25.930274100000013,
              -10.784325
            ],
            [
              25.929333,
              -10.7843218
            ]
          ]
        ]
      }
    },
    {
      "type": "Feature",
      "properties": {
        "id": 1194300846,
        "Type": "area",
        "Region": "CD",
        "refs": [
          11085821944,
          11085821943,
          11085821942,
          11085830806,
          11085821946,
          11085821945,
          11085821944
        ],
        "tags.barrier": null,
        "tags.frequency": 50.0,
        "tags.location": "outdoor",
        "tags.name": "SVC",
        "tags.operator": "SNEL",
        "tags.power": "substation",
        "tags.substation": "transmission",
        "tags.voltage": "17900",
        "other_tags": {
          "tags.fence_type": "concrete",
          "tags.height": "3"
        }
      },
      "geometry": {
        "type": "Polygon",
        "coordinates": [
          [
            [
              27.4154182,
              -11.648845
            ],
            [
              27.414909,
              -11.6487552
            ],
            [
              27.4147976,
              -11.6493608
            ],
            [
              27.4152298,
              -11.6494371
            ],
            [
              27.4152938,
              -11.6490891
            ],
            [
              27.4153708,
              -11.6491027
            ],
            [
              27.4154182,
              -11.648845
            ]
          ]
        ]
      }
    },
    {
      "type": "Feature",
      "properties": {
        "id": 1194300852,
        "Type": "area",
        "Region": "CD",
        "refs": [
          11085822697,
          11085822698,
          11085822699,
          11085830808,
          11085830807,
          11085830806,
          11085821946,
          11085821945,
          11085821944,
          11085827838,
          11085817047,
          11086022571,
          11086022570,
          11085827837,
          11086022569,
          11085822697
        ],
        "tags.barrier": null,
        "tags.frequency": 50.0,
        "tags.location": "outdoor",
        "tags.name": "Poste 220kV de Karavia",
        "tags.operator": "SNEL",
        "tags.power": "substation",
        "tags.substation": "transmission",
        "tags.voltage": "220000",
        "other_tags": {
          "tags.fence_type": "concrete",
          "tags.height": "3"
        }
      },
      "geometry": {
        "type": "Polygon",
        "coordinates": [
          [
            [
              27.4168271,
              -11.6473923
            ],
            [
              27.4171865,
              -11.6474711
            ],
            [
              27.4166876,
              -11.6502242
            ],
            [
              27.416178,
              -11.6501427
            ],
            [
              27.4151319,
              -11.6499418
            ],
            [
              27.4152298,
              -11.6494371
            ],
            [
              27.4152938,
              -11.6490891
            ],
            [
              27.4153708,
              -11.6491027
            ],
            [
              27.4154182,
              -11.648845
            ],
            [
              27.41573540000001,
              -11.6471296
            ],
            [
              27.4159569,
              -11.6471718
            ],
            [
              27.4160117,
              -11.6471808
            ],
            [
              27.41610820000001,
              -11.6467487
            ],
            [
              27.41673720000001,
              -11.6468735
            ],
            [
              27.41665810000001,
              -11.6472833
            ],
            [
              27.4168271,
              -11.6473923
            ]
          ]
        ]
      }
    },
    {
      "type": "Feature",
      "properties": {
        "id": 1194326815,
        "Type": "area",
        "Region": "CD",
        "refs": [
          11086003669,
          8402321589,
          8402321588,
          8402321587,
          11086003666,
          8402321584,
          11086003671,
          11086003670,
          11086003669
        ],
        "tags.barrier": null,
        "tags.frequency": null,
        "tags.location": "outdoor",
        "tags.name": "Poste 120kV de NRC",
        "tags.operator": null,
        "tags.power": "substation",
        "tags.substation": "transmission",
        "tags.voltage": "120000",
        "other_tags": null
      },
      "geometry": {
        "type": "Polygon",
        "coordinates": [
          [
            [
              26.579044900000014,
              -10.8706922
            ],
            [
              26.57858179999995,
              -10.87090440000002
            ],
            [
              26.577994399999948,
              -10.87110080000002
            ],
            [
              26.577864199999947,
              -10.870725100000021
            ],
            [
              26.578052,
              -10.87062
            ],
            [
              26.578257499999946,
              -10.87044780000002
            ],
            [
              26.578434300000012,
              -10.8705002
            ],
            [
              26.578866100000013,
              -10.8703092
            ],
            [
              26.579044900000014,
              -10.8706922
            ]
          ]
        ]
      }
    },
    {
      "type": "Feature",
      "properties": {
        "id": 1194332751,
        "Type": "area",
        "Region": "CD",
        "refs": [
          2047000745,
          2047000760,
          2047000764,
          2047000751,
          2047000749,
          2047000745
        ],
        "tags.barrier": null,
        "tags.frequency": 50.0,
        "tags.location": "outdoor",
        "tags.name": "Poste 220kV de RC",
        "tags.operator": "SNEL",
        "tags.power": "substation",
        "tags.substation": "transmission",
        "tags.voltage": "220000",
        "other_tags": null
      },
      "geometry": {
        "type": "Polygon",
        "coordinates": [
          [
            [
              26.749007,
              -11.0117248
            ],
            [
              26.7485489,
              -11.0122392
            ],
            [
              26.7489866,
              -11.0126147
            ],
            [
              26.7494447,
              -11.0121003
            ],
            [
              26.7493579,
              -11.0120258
            ],
            [
              26.749007,
              -11.0117248
            ]
          ]
        ]
      }
    },
    {
      "type": "Feature",
      "properties": {
        "id": 1194336520,
        "Type": "area",
        "Region": "CD",
        "refs": [
          11086101311,
          11086101310,
          11086101309,
          11086101308,
          11086101311
        ],
        "tags.barrier": null,
        "tags.frequency": 50.0,
        "tags.location": "outdoor",
        "tags.name": "Sectionnement de Shilatembo",
        "tags.operator": null,
        "tags.power": "substation",
        "tags.substation": "transmission",
        "tags.voltage": "120000",
        "other_tags": null
      },
      "geometry": {
        "type": "Polygon",
        "coordinates": [
          [
            [
              27.2877216,
              -11.3241088
            ],
            [
              27.2882159,
              -11.3249017
            ],
            [
              27.2868177,
              -11.3257398
            ],
            [
              27.2863234,
              -11.3249469
            ],
            [
              27.2877216,
              -11.3241088
            ]
          ]
        ]
      }
    },
    {
      "type": "Feature",
      "properties": {
        "id": 1194374157,
        "Type": "area",
        "Region": "CD",
        "refs": [
          2729154456,
          2729154459,
          2729154440,
          2729154439,
          2729154435,
          2729154438,
          3688131116,
          2729154456
        ],
        "tags.barrier": "wall",
        "tags.frequency": null,
        "tags.location": "outdoor",
        "tags.name": "Poste 220kV RS",
        "tags.operator": null,
        "tags.power": "substation",
        "tags.substation": "transmission",
        "tags.voltage": "220000",
        "other_tags": null
      },
      "geometry": {
        "type": "Polygon",
        "coordinates": [
          [
            [
              27.47106290000009,
              -11.677794300000013
            ],
            [
              27.470522500000087,
              -11.677897600000014
            ],
            [
              27.47028910000009,
              -11.67667580000001
            ],
            [
              27.470115300000092,
              -11.676579500000011
            ],
            [
              27.47027850000009,
              -11.676261400000012
            ],
            [
              27.47048950000009,
              -11.676365200000012
            ],
            [
              27.470747099999944,
              -11.6763165
            ],
            [
              27.47106290000009,
              -11.677794300000013
            ]
          ]
        ]
      }
    },
    {
      "type": "Feature",
      "properties": {
        "id": 1194677376,
        "Type": "area",
        "Region": "CD",
        "refs": [
          11088647594,
          11088647593,
          2729154460,
          11088647592,
          2729154442,
          2729154444,
          2729154441,
          11088647595,
          11088647587,
          11088647594
        ],
        "tags.barrier": "wall",
        "tags.frequency": null,
        "tags.location": "outdoor",
        "tags.name": "Poste 50kV RS",
        "tags.operator": null,
        "tags.power": "substation",
        "tags.substation": "transmission",
        "tags.voltage": "50000",
        "other_tags": null
      },
      "geometry": {
        "type": "Polygon",
        "coordinates": [
          [
            [
              27.471901399999986,
              -11.6778622
            ],
            [
              27.472068499999985,
              -11.6778281
            ],
            [
              27.472035100000088,
              -11.677668
            ],
            [
              27.472189199999985,
              -11.677639
            ],
            [
              27.47208990000009,
              -11.677122300000011
            ],
            [
              27.47195070000009,
              -11.67714960000001
            ],
            [
              27.47184250000009,
              -11.67709080000001
            ],
            [
              27.471749299999985,
              -11.6771071
            ],
            [
              27.471837599999983,
              -11.6775455
            ],
            [
              27.471901399999986,
              -11.6778622
            ]
          ]
        ]
      }
    },
    {
      "type": "Feature",
      "properties": {
        "id": 1197674218,
        "Type": "area",
        "Region": "CD",
        "refs": [
          11111805294,
          11111805293,
          11111805292,
          11111805291,
          11111805294
        ],
        "tags.barrier": "fence",
        "tags.frequency": 50.0,
        "tags.location": "outdoor",
        "tags.name": "sectionneur 120kV",
        "tags.operator": "SNEL",
        "tags.power": "substation",
        "tags.substation": "transmission",
        "tags.voltage": "120000",
        "other_tags": null
      },
      "geometry": {
        "type": "Polygon",
        "coordinates": [
          [
            [
              27.4262993,
              -11.6852458
            ],
            [
              27.426247,
              -11.685125
            ],
            [
              27.4263307,
              -11.6850902
            ],
            [
              27.426383,
              -11.685211
            ],
            [
              27.4262993,
              -11.6852458
            ]
          ]
        ]
      }
    },
    {
      "type": "Feature",
      "properties": {
        "id": 1197774704,
        "Type": "area",
        "Region": "CD",
        "refs": [
          11112615439,
          11112615438,
          11112615437,
          11112615436,
          11112615435,
          11112615434,
          11112615433,
          11112615432,
          11112615431,
          11112615430,
          11112615429,
          11112615428,
          11112615427,
          11112615426,
          11112615439
        ],
        "tags.barrier": "fence",
        "tags.frequency": null,
        "tags.location": "outdoor",
        "tags.name": "Poste 120kV de Kinsenda",
        "tags.operator": null,
        "tags.power": "substation",
        "tags.substation": "transmission",
        "tags.voltage": "120000",
        "other_tags": {
          "tags.fence_type": "concrete",
          "tags.height": "3"
        }
      },
      "geometry": {
        "type": "Polygon",
        "coordinates": [
          [
            [
              27.96504140000003,
              -12.247233
            ],
            [
              27.96502740000003,
              -12.246924499999945
            ],
            [
              27.965132800000028,
              -12.246919899999945
            ],
            [
              27.965115800000028,
              -12.246544299999945
            ],
            [
              27.96527190000003,
              -12.246537499999945
            ],
            [
              27.96526910000003,
              -12.246473899999945
            ],
            [
              27.965448,
              -12.246466199999945
            ],
            [
              27.96545230000003,
              -12.246561
            ],
            [
              27.96565720000003,
              -12.246552099999946
            ],
            [
              27.96568280000003,
              -12.247116799999946
            ],
            [
              27.965467700000033,
              -12.247126099999946
            ],
            [
              27.965486300000034,
              -12.247536899999945
            ],
            [
              27.965123400000035,
              -12.247552599999945
            ],
            [
              27.965108800000035,
              -12.247230099999946
            ],
            [
              27.96504140000003,
              -12.247233
            ]
          ]
        ]
      }
    },
    {
      "type": "Feature",
      "properties": {
        "id": 1231854424,
        "Type": "area",
        "Region": "CD",
        "refs": [
          11425112298,
          11425112299,
          11425112300,
          11425112301,
          11425112302,
          11425112303,
          11425112304,
          11425112298
        ],
        "tags.barrier": null,
        "tags.frequency": null,
        "tags.location": null,
        "tags.name": null,
        "tags.operator": null,
        "tags.power": "substation",
        "tags.substation": "transmission",
        "tags.voltage": "132000",
        "other_tags": null
      },
      "geometry": {
        "type": "Polygon",
        "coordinates": [
          [
            [
              26.756922200000023,
              -11.0124287
            ],
            [
              26.757055300000022,
              -11.0127519
            ],
            [
              26.757522900000023,
              -11.0125663
            ],
            [
              26.757405600000023,
              -11.0123118
            ],
            [
              26.757158700000023,
              -11.0123033
            ],
            [
              26.757064100000022,
              -11.0123359
            ],
            [
              26.757078100000022,
              -11.0123772
            ],
            [
              26.756922200000023,
              -11.0124287
            ]
          ]
        ]
      }
    },
    {
      "type": "Feature",
      "properties": {
        "id": 1231880040,
        "Type": "area",
        "Region": "CD",
        "refs": [
          11425418605,
          11425418606,
          11425418607,
          11425418608,
          11425418605
        ],
        "tags.barrier": null,
        "tags.frequency": null,
        "tags.location": null,
        "tags.name": null,
        "tags.operator": null,
        "tags.power": "substation",
        "tags.substation": "transmission",
        "tags.voltage": "132000",
        "other_tags": null
      },
      "geometry": {
        "type": "Polygon",
        "coordinates": [
          [
            [
              27.45460679999998,
              -11.140157
            ],
            [
              27.45460189999998,
              -11.1404875
            ],
            [
              27.45494359999998,
              -11.1404826
            ],
            [
              27.45493869999998,
              -11.140157
            ],
            [
              27.45460679999998,
              -11.140157
            ]
          ]
        ]
      }
    },
    {
      "type": "Feature",
      "properties": {
        "id": 1231884927,
        "Type": "area",
        "Region": "CD",
        "refs": [
          11425457394,
          11425457395,
          11425457396,
          11425457397,
          11425457394
        ],
        "tags.barrier": null,
        "tags.frequency": null,
        "tags.location": null,
        "tags.name": "Kisanfu",
        "tags.operator": null,
        "tags.power": "substation",
        "tags.substation": "transmission",
        "tags.voltage": "132000",
        "other_tags": null
      },
      "geometry": {
        "type": "Polygon",
        "coordinates": [
          [
            [
              25.9946414,
              -10.7664416
            ],
            [
              25.994609,
              -10.7675494
            ],
            [
              25.9965085,
              -10.7675993
            ],
            [
              25.9965362,
              -10.7665006
            ],
            [
              25.9946414,
              -10.7664416
            ]
          ]
        ]
      }
    },
    {
      "type": "Feature",
      "properties": {
        "id": 1231897063,
        "Type": "area",
        "Region": "CD",
        "refs": [
          11425572053,
          11425572054,
          11425572055,
          11425572056,
          11425572053
        ],
        "tags.barrier": null,
        "tags.frequency": null,
        "tags.location": null,
        "tags.name": "Luilu",
        "tags.operator": null,
        "tags.power": "substation",
        "tags.substation": "transmission",
        "tags.voltage": "132000",
        "other_tags": null
      },
      "geometry": {
        "type": "Polygon",
        "coordinates": [
          [
            [
              25.356012799999988,
              -10.6668207
            ],
            [
              25.35614359999999,
              -10.6671766
            ],
            [
              25.356879799999987,
              -10.6669077
            ],
            [
              25.356751099999986,
              -10.6665578
            ],
            [
              25.356012799999988,
              -10.6668207
            ]
          ]
        ]
      }
    },
    {
      "type": "Feature",
      "properties": {
        "id": 1231912590,
        "Type": "area",
        "Region": "CD",
        "refs": [
          11425723286,
          11425723287,
          11425723288,
          11425723289,
          11425723286
        ],
        "tags.barrier": null,
        "tags.frequency": null,
        "tags.location": null,
        "tags.name": null,
        "tags.operator": null,
        "tags.power": "substation",
        "tags.substation": "transmission",
        "tags.voltage": "132000",
        "other_tags": null
      },
      "geometry": {
        "type": "Polygon",
        "coordinates": [
          [
            [
              27.586471600000024,
              -11.627066600000017
            ],
            [
              27.585892100000024,
              -11.627726400000016
            ],
            [
              27.586412200000023,
              -11.628163100000016
            ],
            [
              27.587006600000024,
              -11.627546900000016
            ],
            [
              27.586471600000024,
              -11.627066600000017
            ]
          ]
        ]
      }
    },
    {
      "type": "Feature",
      "properties": {
        "id": 1231912592,
        "Type": "area",
        "Region": "CD",
        "refs": [
          11425723295,
          11425723296,
          11425723297,
          11425723298,
          11425723299,
          11425723300,
          11425723301,
          11425723302,
          11425723295
        ],
        "tags.barrier": null,
        "tags.frequency": null,
        "tags.location": null,
        "tags.name": "Chemaf",
        "tags.operator": null,
        "tags.power": "substation",
        "tags.substation": "transmission",
        "tags.voltage": "132000",
        "other_tags": null
      },
      "geometry": {
        "type": "Polygon",
        "coordinates": [
          [
            [
              27.503739100000026,
              -11.643257100000016
            ],
            [
              27.504131200000025,
              -11.643785200000016
            ],
            [
              27.504611600000025,
              -11.643442700000016
            ],
            [
              27.504454800000026,
              -11.643247500000015
            ],
            [
              27.504572400000026,
              -11.643151400000015
            ],
            [
              27.504477600000026,
              -11.642972200000015
            ],
            [
              27.504337100000026,
              -11.642978600000015
            ],
            [
              27.504160600000027,
              -11.642943400000016
            ],
            [
              27.503739100000026,
              -11.643257100000016
            ]
          ]
        ]
      }
    },
    {
      "type": "Feature",
      "properties": {
        "id": 1231977379,
        "Type": "area",
        "Region": "CD",
        "refs": [
          11426642321,
          11426642322,
          11426642323,
          11426642324,
          11426642321
        ],
        "tags.barrier": null,
        "tags.frequency": null,
        "tags.location": null,
        "tags.name": null,
        "tags.operator": null,
        "tags.power": "substation",
        "tags.substation": "transmission",
        "tags.voltage": "132000",
        "other_tags": null
      },
      "geometry": {
        "type": "Polygon",
        "coordinates": [
          [
            [
              28.927380800000073,
              -13.179280300000023
            ],
            [
              28.92742,
              -13.179802100000023
            ],
            [
              28.928204300000072,
              -13.179751200000023
            ],
            [
              28.928165100000072,
              -13.179242100000023
            ],
            [
              28.927380800000073,
              -13.179280300000023
            ]
          ]
        ]
      }
    },
    {
      "type": "Feature",
      "properties": {
        "id": 1232129174,
        "Type": "area",
        "Region": "CD",
        "refs": [
          11428474157,
          11428474158,
          11428474159,
          11428474160,
          11428474157
        ],
        "tags.barrier": null,
        "tags.frequency": null,
        "tags.location": null,
        "tags.name": null,
        "tags.operator": null,
        "tags.power": "substation",
        "tags.substation": "transmission",
        "tags.voltage": "132000",
        "other_tags": null
      },
      "geometry": {
        "type": "Polygon",
        "coordinates": [
          [
            [
              25.483956,
              -10.7123834
            ],
            [
              25.48366719999998,
              -10.7124477
            ],
            [
              25.48362029999998,
              -10.7122171
            ],
            [
              25.48386639999998,
              -10.7119865
            ],
            [
              25.483956,
              -10.7123834
            ]
          ]
        ]
      }
    },
    {
      "type": "Feature",
      "properties": {
        "id": 1233235881,
        "Type": "area",
        "Region": "CD",
        "refs": [
          11442914730,
          11442914731,
          11442914727,
          11442914732,
          11442914728,
          11442914729,
          4339572311,
          11442914730
        ],
        "tags.barrier": "fence",
        "tags.frequency": null,
        "tags.location": "outdoor",
        "tags.name": "Poste 220kV de Maluku",
        "tags.operator": null,
        "tags.power": "substation",
        "tags.substation": "transmission",
        "tags.voltage": "220000",
        "other_tags": null
      },
      "geometry": {
        "type": "Polygon",
        "coordinates": [
          [
            [
              15.532105500000096,
              -4.092076199999987
            ],
            [
              15.532599600000095,
              -4.090767599999987
            ],
            [
              15.532735300000097,
              -4.090763899999986
            ],
            [
              15.533826,
              -4.091200699999987
            ],
            [
              15.533413100000097,
              -4.092246499999987
            ],
            [
              15.533115600000096,
              -4.092472599999986
            ],
            [
              15.532517400000032,
              -4.092232
            ],
            [
              15.532105500000096,
              -4.092076199999987
            ]
          ]
        ]
      }
    },
    {
      "type": "Feature",
      "properties": {
        "id": 1233236770,
        "Type": "area",
        "Region": "CD",
        "refs": [
          11442921878,
          11442921875,
          11442897261,
          11442921876,
          11442921877,
          11442921878
        ],
        "tags.barrier": "fence",
        "tags.frequency": null,
        "tags.location": "outdoor",
        "tags.name": "Poste 220kV de Kimbanseke",
        "tags.operator": null,
        "tags.power": "substation",
        "tags.substation": "transmission",
        "tags.voltage": "220000",
        "other_tags": null
      },
      "geometry": {
        "type": "Polygon",
        "coordinates": [
          [
            [
              15.416539500000086,
              -4.452759
            ],
            [
              15.416721500000087,
              -4.452268899999985
            ],
            [
              15.4171988000001,
              -4.452445099999985
            ],
            [
              15.418050600000086,
              -4.452759599999985
            ],
            [
              15.417868500000086,
              -4.453249699999986
            ],
            [
              15.416539500000086,
              -4.452759
            ]
          ]
        ]
      }
    },
    {
      "type": "Feature",
      "properties": {
        "id": 1233247060,
        "Type": "area",
        "Region": "CD",
        "refs": [
          11443028487,
          11443032986,
          11443032985,
          11443032984,
          7920517798,
          11443032983,
          11443028487
        ],
        "tags.barrier": "fence",
        "tags.frequency": 50.0,
        "tags.location": "outdoor",
        "tags.name": "Poste 70kV de Sanga",
        "tags.operator": "SNEL",
        "tags.power": "substation",
        "tags.substation": "transmission",
        "tags.voltage": "70000",
        "other_tags": null
      },
      "geometry": {
        "type": "Polygon",
        "coordinates": [
          [
            [
              14.957546500000094,
              -4.8430292
            ],
            [
              14.957348600000097,
              -4.8428133
            ],
            [
              14.958032900000097,
              -4.8421903
            ],
            [
              14.958187800000097,
              -4.8423592
            ],
            [
              14.958175499999903,
              -4.842370500000012
            ],
            [
              14.958218500000097,
              -4.8424174
            ],
            [
              14.957546500000094,
              -4.8430292
            ]
          ]
        ]
      }
    },
    {
      "type": "Feature",
      "properties": {
        "id": 1233251219,
        "Type": "area",
        "Region": "CD",
        "refs": [
          11443067344,
          11443067343,
          11443067345,
          4129050212,
          11443067344
        ],
        "tags.barrier": "fence",
        "tags.frequency": null,
        "tags.location": "outdoor",
        "tags.name": "Poste 70kV de Kwilu",
        "tags.operator": null,
        "tags.power": "substation",
        "tags.substation": "transmission",
        "tags.voltage": "70000",
        "other_tags": null
      },
      "geometry": {
        "type": "Polygon",
        "coordinates": [
          [
            [
              14.254658400000098,
              -5.6193271
            ],
            [
              14.255030300000097,
              -5.6203492
            ],
            [
              14.254421200000097,
              -5.6205687
            ],
            [
              14.254049299999956,
              -5.619546699999972
            ],
            [
              14.254658400000098,
              -5.6193271
            ]
          ]
        ]
      }
    },
    {
      "type": "Feature",
      "properties": {
        "id": 1246750883,
        "Type": "area",
        "Region": "CD",
        "refs": [
          11590658637,
          11590658638,
          11590658639,
          11590658640,
          11590658637
        ],
        "tags.barrier": null,
        "tags.frequency": null,
        "tags.location": null,
        "tags.name": null,
        "tags.operator": null,
        "tags.power": "substation",
        "tags.substation": "transmission",
        "tags.voltage": "132000",
        "other_tags": null
      },
      "geometry": {
        "type": "Polygon",
        "coordinates": [
          [
            [
              13.478554299999985,
              -5.915935200000019
            ],
            [
              13.478495599999984,
              -5.91637840000002
            ],
            [
              13.478918499999985,
              -5.91642440000002
            ],
            [
              13.478958299999984,
              -5.91597490000002
            ],
            [
              13.478554299999985,
              -5.915935200000019
            ]
          ]
        ]
      }
    },
    {
      "type": "Feature",
      "properties": {
        "id": 1300067629,
        "Type": "area",
        "Region": "CD",
        "refs": [
          12042168021,
          12042168022,
          12042168023,
          12042168024,
          12042168021
        ],
        "tags.barrier": null,
        "tags.frequency": null,
        "tags.location": null,
        "tags.name": null,
        "tags.operator": null,
        "tags.power": "substation",
        "tags.substation": "transmission",
        "tags.voltage": "132000",
        "other_tags": null
      },
      "geometry": {
        "type": "Polygon",
        "coordinates": [
          [
            [
              23.620983899999953,
              -6.150290600000016
            ],
            [
              23.62132029999995,
              -6.150218900000016
            ],
            [
              23.621364199999952,
              -6.150422300000016
            ],
            [
              23.621027699999953,
              -6.150494100000016
            ],
            [
              23.620983899999953,
              -6.150290600000016
            ]
          ]
        ]
      }
    },
    {
      "type": "Feature",
      "properties": {
        "id": 1300067632,
        "Type": "area",
        "Region": "CD",
        "refs": [
          12042168042,
          12042168043,
          12042168044,
          12042168045,
          12042168042
        ],
        "tags.barrier": null,
        "tags.frequency": null,
        "tags.location": null,
        "tags.name": null,
        "tags.operator": null,
        "tags.power": "substation",
        "tags.substation": "transmission",
        "tags.voltage": "132000",
        "other_tags": null
      },
      "geometry": {
        "type": "Polygon",
        "coordinates": [
          [
            [
              23.76611289999995,
              -6.085615300000017
            ],
            [
              23.76607069999995,
              -6.085758400000016
            ],
            [
              23.766281799999952,
              -6.085819900000017
            ],
            [
              23.766324,
              -6.085676800000017
            ],
            [
              23.76611289999995,
              -6.085615300000017
            ]
          ]
        ]
      }
    },
    {
      "type": "Feature",
      "properties": {
        "id": 1315128078,
        "Type": "area",
        "Region": "CD",
        "refs": [
          12173068439,
          12173068440,
          12173068441,
          12173068442,
          12173068439
        ],
        "tags.barrier": null,
        "tags.frequency": null,
        "tags.location": null,
        "tags.name": null,
        "tags.operator": null,
        "tags.power": "substation",
        "tags.substation": "transmission",
        "tags.voltage": "132000",
        "other_tags": null
      },
      "geometry": {
        "type": "Polygon",
        "coordinates": [
          [
            [
              28.245820199999933,
              -3.0579872
            ],
            [
              28.245733599999934,
              -3.0580751
            ],
            [
              28.245801699999934,
              -3.058142
            ],
            [
              28.245888299999933,
              -3.0580541
            ],
            [
              28.245820199999933,
              -3.0579872
            ]
          ]
        ]
      }
    },
    {
      "type": "Feature",
      "properties": {
        "id": 1315128081,
        "Type": "area",
        "Region": "CD",
        "refs": [
          12173068455,
          12173068456,
          12173068457,
          12173068458,
          12173068459,
          12173068460,
          12173068461,
          12173068462,
          12173068463,
          12173068464,
          12173068455
        ],
        "tags.barrier": null,
        "tags.frequency": null,
        "tags.location": null,
        "tags.name": null,
        "tags.operator": null,
        "tags.power": "substation",
        "tags.substation": "transmission",
        "tags.voltage": "132000",
        "other_tags": null
      },
      "geometry": {
        "type": "Polygon",
        "coordinates": [
          [
            [
              30.163324099999933,
              1.5630051
            ],
            [
              30.163217599999932,
              1.5626984
            ],
            [
              30.163141699999933,
              1.5627248
            ],
            [
              30.163102699999932,
              1.5626125
            ],
            [
              30.16319569999993,
              1.5625803
            ],
            [
              30.163145899999932,
              1.5624369
            ],
            [
              30.163405899999933,
              1.5623467
            ],
            [
              30.163505699999934,
              1.562634
            ],
            [
              30.163391699999934,
              1.5626735
            ],
            [
              30.163487199999935,
              1.5629485
            ],
            [
              30.163324099999933,
              1.5630051
            ]
          ]
        ]
      }
    },
    {
      "type": "Feature",
      "properties": {
        "id": 1315128087,
        "Type": "area",
        "Region": "CD",
        "refs": [
          12173107113,
          12173107114,
          12173107115,
          12173107116,
          12173107117,
          12173107118,
          12173107119,
          12173107120,
          12173107113
        ],
        "tags.barrier": null,
        "tags.frequency": null,
        "tags.location": null,
        "tags.name": null,
        "tags.operator": null,
        "tags.power": "substation",
        "tags.substation": "transmission",
        "tags.voltage": "132000",
        "other_tags": null
      },
      "geometry": {
        "type": "Polygon",
        "coordinates": [
          [
            [
              29.221408,
              -1.6761284
            ],
            [
              29.22117459999993,
              -1.6764084
            ],
            [
              29.22126849999993,
              -1.6764865
            ],
            [
              29.221149199999928,
              -1.6766296
            ],
            [
              29.221329699999927,
              -1.67678
            ],
            [
              29.221424299999928,
              -1.6766666
            ],
            [
              29.22167179999993,
              -1.6768727
            ],
            [
              29.221929899999928,
              -1.676563
            ],
            [
              29.221408,
              -1.6761284
            ]
          ]
        ]
      }
    },
    {
      "type": "Feature",
      "properties": {
        "id": 1315340818,
        "Type": "area",
        "Region": "CD",
        "refs": [
          12174973466,
          12174973467,
          12174973468,
          12174973469,
          12174973470,
          12174973466
        ],
        "tags.barrier": null,
        "tags.frequency": null,
        "tags.location": null,
        "tags.name": null,
        "tags.operator": null,
        "tags.power": "substation",
        "tags.substation": "transmission",
        "tags.voltage": "132000",
        "other_tags": null
      },
      "geometry": {
        "type": "Polygon",
        "coordinates": [
          [
            [
              30.262410699999982,
              1.637506
            ],
            [
              30.262427199999983,
              1.6373903
            ],
            [
              30.262553599999983,
              1.6373211
            ],
            [
              30.262728,
              1.6373512
            ],
            [
              30.262690399999983,
              1.6375556
            ],
            [
              30.262410699999982,
              1.637506
            ]
          ]
        ]
      }
    },
    {
      "type": "Feature",
      "properties": {
        "id": 1315340820,
        "Type": "area",
        "Region": "CD",
        "refs": [
          12174973478,
          12174973479,
          12174973480,
          12174973481,
          12174973482,
          12174973483,
          12174973478
        ],
        "tags.barrier": null,
        "tags.frequency": null,
        "tags.location": null,
        "tags.name": null,
        "tags.operator": null,
        "tags.power": "substation",
        "tags.substation": "transmission",
        "tags.voltage": "132000",
        "other_tags": null
      },
      "geometry": {
        "type": "Polygon",
        "coordinates": [
          [
            [
              25.191570399999982,
              -8.6380078
            ],
            [
              25.192144699999982,
              -8.6378076
            ],
            [
              25.192227399999982,
              -8.6380395
            ],
            [
              25.192091499999982,
              -8.6380869
            ],
            [
              25.192112799999983,
              -8.6381464
            ],
            [
              25.19167429999998,
              -8.6382993
            ],
            [
              25.191570399999982,
              -8.6380078
            ]
          ]
        ]
      }
    },
    {
      "type": "Feature",
      "properties": {
        "id": 1321599752,
        "Type": "area",
        "Region": "CD",
        "refs": [
          12229583575,
          12229583574,
          12229583573,
          12229583572,
          12229583571,
          12229583570,
          12229583569,
          12229583568,
          12229583575
        ],
        "tags.barrier": "fence",
        "tags.frequency": 50.0,
        "tags.location": "outdoor",
        "tags.name": "Poste 220 kV de Kalongwe",
        "tags.operator": null,
        "tags.power": "substation",
        "tags.substation": "transmission",
        "tags.voltage": "220000",
        "other_tags": null
      },
      "geometry": {
        "type": "Polygon",
        "coordinates": [
          [
            [
              25.24054169999994,
              -11.018561100000014
            ],
            [
              25.24055239999994,
              -11.018507500000014
            ],
            [
              25.24118559999994,
              -11.018051400000015
            ],
            [
              25.24128049999994,
              -11.018170800000016
            ],
            [
              25.24151089999994,
              -11.018013
            ],
            [
              25.24266709999994,
              -11.019336500000016
            ],
            [
              25.24160019999994,
              -11.020689800000016
            ],
            [
              25.24044769999994,
              -11.018615300000015
            ],
            [
              25.24054169999994,
              -11.018561100000014
            ]
          ]
        ]
      }
    },
    {
      "type": "Feature",
      "properties": {
        "id": 1321615584,
        "Type": "area",
        "Region": "CD",
        "refs": [
          12229727967,
          12229727966,
          12229727962,
          12229727963,
          12229727965,
          12229727964,
          12229727967
        ],
        "tags.barrier": "fence",
        "tags.frequency": null,
        "tags.location": null,
        "tags.name": null,
        "tags.operator": null,
        "tags.power": "substation",
        "tags.substation": "transmission",
        "tags.voltage": "120000",
        "other_tags": null
      },
      "geometry": {
        "type": "Polygon",
        "coordinates": [
          [
            [
              25.187975799999947,
              -10.881912100000024
            ],
            [
              25.187975799999947,
              -10.882905100000023
            ],
            [
              25.187869099999947,
              -10.882905100000023
            ],
            [
              25.187868499999947,
              -10.882976200000023
            ],
            [
              25.187160399999946,
              -10.882973600000023
            ],
            [
              25.187160399999946,
              -10.881912100000022
            ],
            [
              25.187975799999947,
              -10.881912100000024
            ]
          ]
        ]
      }
    },
    {
      "type": "Feature",
      "properties": {
        "id": 1321615585,
        "Type": "area",
        "Region": "CD",
        "refs": [
          12229726510,
          12229727966,
          12229727967,
          12229726509,
          12229726508,
          12229726507,
          12229726510
        ],
        "tags.barrier": "fence",
        "tags.frequency": null,
        "tags.location": null,
        "tags.name": "Kakula (KCS)",
        "tags.operator": null,
        "tags.power": "substation",
        "tags.substation": "transmission",
        "tags.voltage": "220000",
        "other_tags": null
      },
      "geometry": {
        "type": "Polygon",
        "coordinates": [
          [
            [
              25.18797579999995,
              -10.883044700000017
            ],
            [
              25.187975799999947,
              -10.882905100000023
            ],
            [
              25.187975799999947,
              -10.881912100000024
            ],
            [
              25.18797579999995,
              -10.881877900000017
            ],
            [
              25.18930879999995,
              -10.881877900000017
            ],
            [
              25.18930879999995,
              -10.883044700000017
            ],
            [
              25.18797579999995,
              -10.883044700000017
            ]
          ]
        ]
      }
    },
    {
      "type": "Feature",
      "properties": {
        "id": 1321625840,
        "Type": "area",
        "Region": "CD",
        "refs": [
          12229785296,
          12229785293,
          12229785294,
          12229785295,
          12229785296
        ],
        "tags.barrier": null,
        "tags.frequency": 50.0,
        "tags.location": "outdoor",
        "tags.name": "Poste 220kV de Commus",
        "tags.operator": null,
        "tags.power": "substation",
        "tags.substation": "transmission",
        "tags.voltage": "220000",
        "other_tags": null
      },
      "geometry": {
        "type": "Polygon",
        "coordinates": [
          [
            [
              25.417769399999944,
              -10.758779900000036
            ],
            [
              25.417773799999946,
              -10.757938
            ],
            [
              25.419422799999946,
              -10.757946300000036
            ],
            [
              25.419418399999945,
              -10.758788100000036
            ],
            [
              25.417769399999944,
              -10.758779900000036
            ]
          ]
        ]
      }
    },
    {
      "type": "Feature",
      "properties": {
        "id": 1337919552,
        "Type": "area",
        "Region": "CD",
        "refs": [
          12375643474,
          12375643475,
          12375643476,
          12375643477,
          12375643474
        ],
        "tags.barrier": null,
        "tags.frequency": null,
        "tags.location": null,
        "tags.name": null,
        "tags.operator": null,
        "tags.power": "substation",
        "tags.substation": "transmission",
        "tags.voltage": "132000",
        "other_tags": null
      },
      "geometry": {
        "type": "Polygon",
        "coordinates": [
          [
            [
              25.485210900000013,
              -10.6328795
            ],
            [
              25.48521320000001,
              -10.6332683
            ],
            [
              25.4856937,
              -10.6332661
            ],
            [
              25.4856915,
              -10.6328663
            ],
            [
              25.485210900000013,
              -10.6328795
            ]
          ]
        ]
      }
    },
    {
      "type": "Feature",
      "properties": {
        "id": 1337919557,
        "Type": "area",
        "Region": "CD",
        "refs": [
          12375643516,
          12375643517,
          12375643518,
          12375643519,
          12375643516
        ],
        "tags.barrier": null,
        "tags.frequency": null,
        "tags.location": null,
        "tags.name": null,
        "tags.operator": null,
        "tags.power": "substation",
        "tags.substation": "transmission",
        "tags.voltage": "132000",
        "other_tags": null
      },
      "geometry": {
        "type": "Polygon",
        "coordinates": [
          [
            [
              25.4871645,
              -10.634437
            ],
            [
              25.48754670000001,
              -10.635107099999988
            ],
            [
              25.4879445,
              -10.634894
            ],
            [
              25.4875601,
              -10.634228299999988
            ],
            [
              25.4871645,
              -10.634437
            ]
          ]
        ]
      }
    },
    {
      "type": "Feature",
      "properties": {
        "id": 1348180100,
        "Type": "area",
        "Region": "CD",
        "refs": [
          12470771355,
          12470771356,
          12470771357,
          12470771358,
          12470771355
        ],
        "tags.barrier": null,
        "tags.frequency": null,
        "tags.location": null,
        "tags.name": "Limete",
        "tags.operator": "SNEL",
        "tags.power": "substation",
        "tags.substation": "minor_distribution",
        "tags.voltage": "33000",
        "other_tags": null
      },
      "geometry": {
        "type": "Polygon",
        "coordinates": [
          [
            [
              15.33943439999996,
              -4.359672
            ],
            [
              15.340172,
              -4.3593871
            ],
            [
              15.34070569999996,
              -4.3599448
            ],
            [
              15.33975349999996,
              -4.3603058
            ],
            [
              15.33943439999996,
              -4.359672
            ]
          ]
        ]
      }
    },
    {
      "type": "Feature",
      "properties": {
        "id": 1356407842,
        "Type": "area",
        "Region": "CD",
        "refs": [
          12553902678,
          12553902679,
          12553902677,
          12553889018,
          12553902676,
          12553902678
        ],
        "tags.barrier": "fence",
        "tags.frequency": 50.0,
        "tags.location": "outdoor",
        "tags.name": "Poste 120kV de JINCHUAN Musonoi",
        "tags.operator": "Jinchuan Group Metorex",
        "tags.power": "substation",
        "tags.substation": "transmission",
        "tags.voltage": "120000",
        "other_tags": null
      },
      "geometry": {
        "type": "Polygon",
        "coordinates": [
          [
            [
              25.463562700000022,
              -10.700840700000057
            ],
            [
              25.46444510000002,
              -10.700847300000058
            ],
            [
              25.46443910000002,
              -10.701630700000058
            ],
            [
              25.46372970000004,
              -10.701625400000042
            ],
            [
              25.46355660000002,
              -10.701624100000057
            ],
            [
              25.463562700000022,
              -10.700840700000057
            ]
          ]
        ]
      }
    },
    {
      "type": "Feature",
      "properties": {
        "id": 1356407843,
        "Type": "area",
        "Region": "CD",
        "refs": [
          12553902680,
          12553902681,
          12553902679,
          12553902678,
          12553902680
        ],
        "tags.barrier": "fence",
        "tags.frequency": 50.0,
        "tags.location": "outdoor",
        "tags.name": "Poste 220kV de JINCHUAN Musonoi",
        "tags.operator": "Jinchuan Group Metorex",
        "tags.power": "substation",
        "tags.substation": "transmission",
        "tags.voltage": "220000",
        "other_tags": null
      },
      "geometry": {
        "type": "Polygon",
        "coordinates": [
          [
            [
              25.46356680000002,
              -10.700311100000057
            ],
            [
              25.46444920000002,
              -10.700317700000058
            ],
            [
              25.46444510000002,
              -10.700847300000058
            ],
            [
              25.463562700000022,
              -10.700840700000057
            ],
            [
              25.46356680000002,
              -10.700311100000057
            ]
          ]
        ]
      }
    },
    {
      "type": "Feature",
      "properties": {
        "id": 1364132401,
        "Type": "area",
        "Region": "CD",
        "refs": [
          12631689729,
          12631689730,
          12631689731,
          12631689732,
          12631689733,
          12631689734,
          12631689729
        ],
        "tags.barrier": null,
        "tags.frequency": null,
        "tags.location": null,
        "tags.name": null,
        "tags.operator": null,
        "tags.power": "substation",
        "tags.substation": "transmission",
        "tags.voltage": "132000",
        "other_tags": null
      },
      "geometry": {
        "type": "Polygon",
        "coordinates": [
          [
            [
              15.193818100000012,
              -4.347884599999981
            ],
            [
              15.193050400000011,
              -4.349457799999981
            ],
            [
              15.193670600000011,
              -4.349753799999981
            ],
            [
              15.194124700000012,
              -4.348728899999981
            ],
            [
              15.194457,
              -4.348921099999981
            ],
            [
              15.194733900000012,
              -4.34825839999998
            ],
            [
              15.193818100000012,
              -4.347884599999981
            ]
          ]
        ]
      }
    },
    {
      "type": "Feature",
      "properties": {
        "id": 1368377858,
        "Type": "area",
        "Region": "CD",
        "refs": [
          12672964110,
          12672964109,
          12672964108,
          12672964107,
          12672964110
        ],
        "tags.barrier": null,
        "tags.frequency": null,
        "tags.location": null,
        "tags.name": "Boma Substation",
        "tags.operator": null,
        "tags.power": "substation",
        "tags.substation": "transmission",
        "tags.voltage": "132000",
        "other_tags": null
      },
      "geometry": {
        "type": "Polygon",
        "coordinates": [
          [
            [
              13.047541400000032,
              -5.8526737
            ],
            [
              13.048134100000032,
              -5.8522694
            ],
            [
              13.048468100000033,
              -5.8527764
            ],
            [
              13.047813600000033,
              -5.8532167
            ],
            [
              13.047541400000032,
              -5.8526737
            ]
          ]
        ]
      }
    },
    {
      "type": "Feature",
      "properties": {
        "id": 1371364468,
        "Type": "area",
        "Region": "CD",
        "refs": [
          12700644411,
          12700644412,
          12700644413,
          12700644414,
          12700644411
        ],
        "tags.barrier": null,
        "tags.frequency": null,
        "tags.location": null,
        "tags.name": null,
        "tags.operator": null,
        "tags.power": "substation",
        "tags.substation": "transmission",
        "tags.voltage": "132000",
        "other_tags": null
      },
      "geometry": {
        "type": "Polygon",
        "coordinates": [
          [
            [
              16.51983419999982,
              -4.430319699999927
            ],
            [
              16.52105779999982,
              -4.430532
            ],
            [
              16.52086909999982,
              -4.431595499999927
            ],
            [
              16.519681099999822,
              -4.431398
            ],
            [
              16.51983419999982,
              -4.430319699999927
            ]
          ]
        ]
      }
    },
    {
      "type": "Feature",
      "properties": {
        "id": 1383796880,
        "Type": "area",
        "Region": "CD",
        "refs": [
          12811938611,
          12811938612,
          12811938610,
          12811938609,
          12811938611
        ],
        "tags.barrier": null,
        "tags.frequency": null,
        "tags.location": null,
        "tags.name": null,
        "tags.operator": null,
        "tags.power": "substation",
        "tags.substation": "transmission",
        "tags.voltage": "132000",
        "other_tags": null
      },
      "geometry": {
        "type": "Polygon",
        "coordinates": [
          [
            [
              15.302848100000038,
              -4.4096614
            ],
            [
              15.302939,
              -4.4097476
            ],
            [
              15.303062800000038,
              -4.409618
            ],
            [
              15.302971900000038,
              -4.4095318
            ],
            [
              15.302848100000038,
              -4.4096614
            ]
          ]
        ]
      }
    },
    {
      "type": "Feature",
      "properties": {
        "id": 1383800498,
        "Type": "area",
        "Region": "CD",
        "refs": [
          12811964079,
          12811964078,
          12811964077,
          12811964076,
          12811964079
        ],
        "tags.barrier": null,
        "tags.frequency": null,
        "tags.location": null,
        "tags.name": null,
        "tags.operator": null,
        "tags.power": "substation",
        "tags.substation": "transmission",
        "tags.voltage": "132000",
        "other_tags": null
      },
      "geometry": {
        "type": "Polygon",
        "coordinates": [
          [
            [
              18.808887100000035,
              -5.0618748
            ],
            [
              18.809293800000034,
              -5.061617
            ],
            [
              18.809532500000035,
              -5.0620552
            ],
            [
              18.809065800000035,
              -5.0622636
            ],
            [
              18.808887100000035,
              -5.0618748
            ]
          ]
        ]
      }
    },
    {
      "type": "Feature",
      "properties": {
        "id": 1383800499,
        "Type": "area",
        "Region": "CD",
        "refs": [
          12811964084,
          12811964083,
          12811964082,
          12811964081,
          12811964084
        ],
        "tags.barrier": null,
        "tags.frequency": null,
        "tags.location": null,
        "tags.name": null,
        "tags.operator": null,
        "tags.power": "substation",
        "tags.substation": "distribution",
        "tags.voltage": "33000",
        "other_tags": null
      },
      "geometry": {
        "type": "Polygon",
        "coordinates": [
          [
            [
              15.259242300000034,
              -4.4327836
            ],
            [
              15.259429100000034,
              -4.4329061
            ],
            [
              15.259618200000034,
              -4.4326521
            ],
            [
              15.259371400000035,
              -4.432517
            ],
            [
              15.259242300000034,
              -4.4327836
            ]
          ]
        ]
      }
    },
    {
      "type": "Feature",
      "properties": {
        "id": 1390419591,
        "Type": "area",
        "Region": "CD",
        "refs": [
          12870805226,
          12870805225,
          12870805224,
          12870805223,
          12870805226
        ],
        "tags.barrier": null,
        "tags.frequency": null,
        "tags.location": null,
        "tags.name": null,
        "tags.operator": null,
        "tags.power": "substation",
        "tags.substation": "transmission",
        "tags.voltage": "132000",
        "other_tags": null
      },
      "geometry": {
        "type": "Polygon",
        "coordinates": [
          [
            [
              16.428653600000064,
              -4.072660099999983
            ],
            [
              16.429114900000066,
              -4.072242799999984
            ],
            [
              16.429552100000066,
              -4.072777899999983
            ],
            [
              16.429082700000066,
              -4.073173799999983
            ],
            [
              16.428653600000064,
              -4.072660099999983
            ]
          ]
        ]
      }
    },
    {
      "type": "Feature",
      "properties": {
        "id": 1420623774,
        "Type": "area",
        "Region": "CD",
        "refs": [
          13055142502,
          13055142503,
          13055142504,
          13055142505,
          13055142502
        ],
        "tags.barrier": null,
        "tags.frequency": null,
        "tags.location": null,
        "tags.name": null,
        "tags.operator": null,
        "tags.power": "substation",
        "tags.substation": "transmission",
        "tags.voltage": "132000",
        "other_tags": null
      },
      "geometry": {
        "type": "Polygon",
        "coordinates": [
          [
            [
              28.8401574,
              -2.2562203
            ],
            [
              28.8402727,
              -2.256403
            ],
            [
              28.8400658,
              -2.2565334
            ],
            [
              28.8399505,
              -2.2563507
            ],
            [
              28.8401574,
              -2.2562203
            ]
          ]
        ]
      }
    },
    {
      "type": "Feature",
      "properties": {
        "id": 1420811910,
        "Type": "area",
        "Region": "CD",
        "refs": [
          13056801468,
          13056801469,
          13056801470,
          13056801471,
          13056801468
        ],
        "tags.barrier": null,
        "tags.frequency": null,
        "tags.location": null,
        "tags.name": null,
        "tags.operator": null,
        "tags.power": "substation",
        "tags.substation": "transmission",
        "tags.voltage": "132000",
        "other_tags": null
      },
      "geometry": {
        "type": "Polygon",
        "coordinates": [
          [
            [
              28.86970689999995,
              -2.254997
            ],
            [
              28.869915599999953,
              -2.2549042
            ],
            [
              28.870067599999953,
              -2.2552456
            ],
            [
              28.869859,
              -2.2553383
            ],
            [
              28.86970689999995,
              -2.254997
            ]
          ]
        ]
      }
    },
    {
      "type": "Feature",
      "properties": {
        "id": 1420917969,
        "Type": "area",
        "Region": "CD",
        "refs": [
          13057765347,
          13057765348,
          13057765349,
          13057765350,
          13057765351,
          13057765352,
          13057765347
        ],
        "tags.barrier": null,
        "tags.frequency": null,
        "tags.location": null,
        "tags.name": null,
        "tags.operator": "Virunga Energies",
        "tags.power": "substation",
        "tags.substation": "transmission",
        "tags.voltage": "132000",
        "other_tags": null
      },
      "geometry": {
        "type": "Polygon",
        "coordinates": [
          [
            [
              29.241307499999948,
              -1.6349975
            ],
            [
              29.24156659999995,
              -1.6347593
            ],
            [
              29.24166059999995,
              -1.634859
            ],
            [
              29.241463,
              -1.6352442
            ],
            [
              29.24137169999995,
              -1.6351821
            ],
            [
              29.24142409999995,
              -1.6350811
            ],
            [
              29.241307499999948,
              -1.6349975
            ]
          ]
        ]
      }
    },
    {
      "type": "Feature",
      "properties": {
        "id": 1421908880,
        "Type": "area",
        "Region": "CD",
        "refs": [
          13067631844,
          13067631845,
          13067631846,
          13067631847,
          13067631844
        ],
        "tags.barrier": null,
        "tags.frequency": null,
        "tags.location": null,
        "tags.name": null,
        "tags.operator": "SNEL",
        "tags.power": "substation",
        "tags.substation": "transmission",
        "tags.voltage": "132000",
        "other_tags": null
      },
      "geometry": {
        "type": "Polygon",
        "coordinates": [
          [
            [
              28.842047600000047,
              -2.4842156
            ],
            [
              28.842209300000047,
              -2.4842208
            ],
            [
              28.842202900000046,
              -2.4844193
            ],
            [
              28.842041200000047,
              -2.4844141
            ],
            [
              28.842047600000047,
              -2.4842156
            ]
          ]
        ]
      }
    },
    {
      "type": "Feature",
      "properties": {
        "id": 1422019435,
        "Type": "area",
        "Region": "CD",
        "refs": [
          13068548697,
          13068548696,
          13068548695,
          13068548694,
          13068548697
        ],
        "tags.barrier": null,
        "tags.frequency": null,
        "tags.location": null,
        "tags.name": null,
        "tags.operator": null,
        "tags.power": "substation",
        "tags.substation": "transmission",
        "tags.voltage": "132000",
        "other_tags": null
      },
      "geometry": {
        "type": "Polygon",
        "coordinates": [
          [
            [
              29.229010600000038,
              -0.057131
            ],
            [
              29.229260100000037,
              -0.0572222
            ],
            [
              29.229168900000037,
              -0.0573939
            ],
            [
              29.228935500000038,
              -0.0572839
            ],
            [
              29.229010600000038,
              -0.057131
            ]
          ]
        ]
      }
    },
    {
      "type": "Feature",
      "properties": {
        "id": 1422104665,
        "Type": "area",
        "Region": "CD",
        "refs": [
          13069212472,
          13069212471,
          13069212470,
          13069212469,
          13069212472
        ],
        "tags.barrier": null,
        "tags.frequency": null,
        "tags.location": null,
        "tags.name": null,
        "tags.operator": null,
        "tags.power": "substation",
        "tags.substation": "distribution",
        "tags.voltage": "33000",
        "other_tags": null
      },
      "geometry": {
        "type": "Polygon",
        "coordinates": [
          [
            [
              28.71932250000006,
              -11.9436101
            ],
            [
              28.71954920000006,
              -11.9436101
            ],
            [
              28.71954650000006,
              -11.9437478
            ],
            [
              28.71930780000006,
              -11.9437373
            ],
            [
              28.71932250000006,
              -11.9436101
            ]
          ]
        ]
      }
    },
    {
      "type": "Feature",
      "properties": {
        "id": 1433632188,
        "Type": "area",
        "Region": "CD",
        "refs": [
          13175883603,
          13175883604,
          13175883605,
          13175883606,
          13175883603
        ],
        "tags.barrier": null,
        "tags.frequency": null,
        "tags.location": null,
        "tags.name": null,
        "tags.operator": null,
        "tags.power": "substation",
        "tags.substation": "transmission",
        "tags.voltage": "132000",
        "other_tags": {
          "tags.building": "yes"
        }
      },
      "geometry": {
        "type": "Polygon",
        "coordinates": [
          [
            [
              15.498497099999895,
              -4.364876
            ],
            [
              15.498515899999894,
              -4.364855200000016
            ],
            [
              15.498532799999895,
              -4.364870400000016
            ],
            [
              15.498513999999895,
              -4.364891200000016
            ],
            [
              15.498497099999895,
              -4.364876
            ]
          ]
        ]
      }
    },
    {
      "type": "Feature",
      "properties": {
        "id": 12700644411,
        "Type": "node",
        "Region": "CD",
        "refs": null,
        "tags.barrier": null,
        "tags.frequency": null,
        "tags.location": null,
        "tags.name": "Kisangani_manual_70kV",
        "tags.operator": null,
        "tags.power": "substation",
        "tags.substation": "transmission",
        "tags.voltage": "70000",
        "other_tags": null
      },
      "geometry": {
        "type": "Point",
        "coordinates": [
          25.189772934059857,
          0.5792445658478169
        ]
      }
    },
    {
      "type": "Feature",
      "properties": {
        "id": 12700644412,
        "Type": "node",
        "Region": "CD",
        "refs": null,
        "tags.barrier": null,
        "tags.frequency": null,
        "tags.location": null,
        "tags.name": "Mbandaka_manual_70kV",
        "tags.operator": null,
        "tags.power": "substation",
        "tags.substation": "transmission",
        "tags.voltage": "70000",
        "other_tags": null
      },
      "geometry": {
        "type": "Point",
        "coordinates": [
          18.267,
          0.048
        ]
      }
    }
  ]
}